"InstanceType","InstanceFamily","ProcessorVCPUCount","MemorySizeInMB","ProcessorArchitecture","PricePerHour","GPUCount","GPUName","GPUMemoryInMB","ProcessorDefaultCores"
"c1.medium","Compute optimized",2,1.7,"x86_64","0.1300",0,"",0,2
"c1.xlarge","Compute optimized",8,7,"x86_64","0.5200",0,"",0,8
"c3.large","Compute optimized",2,3.75,"x86_64","0.1050",0,"",0,1
"c3.xlarge","Compute optimized",4,7.5,"x86_64","0.2100",0,"",0,2
"c3.2xlarge","Compute optimized",8,15,"x86_64","0.4200",0,"",0,4
"c3.4xlarge","Compute optimized",16,30,"x86_64","0.8400",0,"",0,8
"c3.8xlarge","Compute optimized",32,60,"x86_64","1.6800",0,"",0,16
"c4.large","Compute optimized",2,3.75,"x86_64","0.1000",0,"",0,1
"c4.xlarge","Compute optimized",4,7.5,"x86_64","0.1990",0,"",0,2
"c4.2xlarge","Compute optimized",8,15,"x86_64","0.3980",0,"",0,4
"c4.4xlarge","Compute optimized",16,30,"x86_64","0.7960",0,"",0,8
"c4.8xlarge","Compute optimized",36,60,"x86_64","1.5910",0,"",0,18
"c5.large","Compute optimized",2,4,"x86_64","0.0850",0,"",0,1
"c5.xlarge","Compute optimized",4,8,"x86_64","0.1700",0,"",0,2
"c5.2xlarge","Compute optimized",8,16,"x86_64","0.3400",0,"",0,4
"c5.4xlarge","Compute optimized",16,32,"x86_64","0.6800",0,"",0,8
"c5.9xlarge","Compute optimized",36,72,"x86_64","1.5300",0,"",0,18
"c5.12xlarge","Compute optimized",48,96,"x86_64","2.0400",0,"",0,24
"c5.18xlarge","Compute optimized",72,144,"x86_64","3.0600",0,"",0,36
"c5.24xlarge","Compute optimized",96,192,"x86_64","4.0800",0,"",0,48
"c5.metal","Compute optimized",96,192,"x86_64","4.0800",0,"",0,48
"c5a.large","Compute optimized",2,4,"x86_64","0.0770",0,"",0,1
"c5a.xlarge","Compute optimized",4,8,"x86_64","0.1540",0,"",0,2
"c5a.2xlarge","Compute optimized",8,16,"x86_64","0.3080",0,"",0,4
"c5a.4xlarge","Compute optimized",16,32,"x86_64","0.6160",0,"",0,8
"c5a.8xlarge","Compute optimized",32,64,"x86_64","1.2320",0,"",0,16
"c5a.12xlarge","Compute optimized",48,96,"x86_64","1.8480",0,"",0,24
"c5a.16xlarge","Compute optimized",64,128,"x86_64","2.4640",0,"",0,32
"c5a.24xlarge","Compute optimized",96,192,"x86_64","3.6960",0,"",0,48
"c5ad.large","Compute optimized",2,4,"x86_64","0.0860",0,"",0,1
"c5ad.xlarge","Compute optimized",4,8,"x86_64","0.1720",0,"",0,2
"c5ad.2xlarge","Compute optimized",8,16,"x86_64","0.3440",0,"",0,4
"c5ad.4xlarge","Compute optimized",16,32,"x86_64","0.6880",0,"",0,8
"c5ad.8xlarge","Compute optimized",32,64,"x86_64","1.3760",0,"",0,16
"c5ad.12xlarge","Compute optimized",48,96,"x86_64","2.0640",0,"",0,24
"c5ad.16xlarge","Compute optimized",64,128,"x86_64","2.7520",0,"",0,32
"c5ad.24xlarge","Compute optimized",96,192,"x86_64","4.1280",0,"",0,48
"c5d.large","Compute optimized",2,4,"x86_64","0.0960",0,"",0,1
"c5d.xlarge","Compute optimized",4,8,"x86_64","0.1920",0,"",0,2
"c5d.2xlarge","Compute optimized",8,16,"x86_64","0.3840",0,"",0,4
"c5d.4xlarge","Compute optimized",16,32,"x86_64","0.7680",0,"",0,8
"c5d.9xlarge","Compute optimized",36,72,"x86_64","1.7280",0,"",0,18
"c5d.12xlarge","Compute optimized",48,96,"x86_64","2.3040",0,"",0,24
"c5d.18xlarge","Compute optimized",72,144,"x86_64","3.4560",0,"",0,36
"c5d.24xlarge","Compute optimized",96,192,"x86_64","4.6080",0,"",0,48
"c5d.metal","Compute optimized",96,192,"x86_64","4.6080",0,"",0,48
"c5n.large","Compute optimized",2,5.25,"x86_64","0.1080",0,"",0,1
"c5n.xlarge","Compute optimized",4,10.5,"x86_64","0.2160",0,"",0,2
"c5n.2xlarge","Compute optimized",8,21,"x86_64","0.4320",0,"",0,4
"c5n.4xlarge","Compute optimized",16,42,"x86_64","0.8640",0,"",0,8
"c5n.9xlarge","Compute optimized",36,96,"x86_64","1.9440",0,"",0,18
"c5n.18xlarge","Compute optimized",72,192,"x86_64","3.8880",0,"",0,36
"c5n.metal","Compute optimized",72,192,"x86_64","3.8880",0,"",0,36
"c6a.large","Compute optimized",2,4,"x86_64","0.0765",0,"",0,1
"c6a.xlarge","Compute optimized",4,8,"x86_64","0.1530",0,"",0,2
"c6a.2xlarge","Compute optimized",8,16,"x86_64","0.3060",0,"",0,4
"c6a.4xlarge","Compute optimized",16,32,"x86_64","0.6120",0,"",0,8
"c6a.8xlarge","Compute optimized",32,64,"x86_64","1.2240",0,"",0,16
"c6a.12xlarge","Compute optimized",48,96,"x86_64","1.8360",0,"",0,24
"c6a.16xlarge","Compute optimized",64,128,"x86_64","2.4480",0,"",0,32
"c6a.24xlarge","Compute optimized",96,192,"x86_64","3.6720",0,"",0,48
"c6a.32xlarge","Compute optimized",128,256,"x86_64","4.8960",0,"",0,64
"c6a.48xlarge","Compute optimized",192,384,"x86_64","7.3440",0,"",0,96
"c6a.metal","Compute optimized",192,384,"x86_64","7.3440",0,"",0,96
"c6i.large","Compute optimized",2,4,"x86_64","0.0850",0,"",0,1
"c6i.xlarge","Compute optimized",4,8,"x86_64","0.1700",0,"",0,2
"c6i.2xlarge","Compute optimized",8,16,"x86_64","0.3400",0,"",0,4
"c6i.4xlarge","Compute optimized",16,32,"x86_64","0.6800",0,"",0,8
"c6i.8xlarge","Compute optimized",32,64,"x86_64","1.3600",0,"",0,16
"c6i.12xlarge","Compute optimized",48,96,"x86_64","2.0400",0,"",0,24
"c6i.16xlarge","Compute optimized",64,128,"x86_64","2.7200",0,"",0,32
"c6i.24xlarge","Compute optimized",96,192,"x86_64","4.0800",0,"",0,48
"c6i.32xlarge","Compute optimized",128,256,"x86_64","5.4400",0,"",0,64
"c6i.metal","Compute optimized",128,256,"x86_64","5.4400",0,"",0,64
"c6id.large","Compute optimized",2,4,"x86_64","0.1008",0,"",0,1
"c6id.xlarge","Compute optimized",4,8,"x86_64","0.2016",0,"",0,2
"c6id.2xlarge","Compute optimized",8,16,"x86_64","0.4032",0,"",0,4
"c6id.4xlarge","Compute optimized",16,32,"x86_64","0.8064",0,"",0,8
"c6id.8xlarge","Compute optimized",32,64,"x86_64","1.6128",0,"",0,16
"c6id.12xlarge","Compute optimized",48,96,"x86_64","2.4192",0,"",0,24
"c6id.16xlarge","Compute optimized",64,128,"x86_64","3.2256",0,"",0,32
"c6id.24xlarge","Compute optimized",96,192,"x86_64","4.8384",0,"",0,48
"c6id.32xlarge","Compute optimized",128,256,"x86_64","6.4512",0,"",0,64
"c6id.metal","Compute optimized",128,256,"x86_64","6.4512",0,"",0,64
"c6in.large","Compute optimized",2,4,"x86_64","0.1134",0,"",0,1
"c6in.xlarge","Compute optimized",4,8,"x86_64","0.2268",0,"",0,2
"c6in.2xlarge","Compute optimized",8,16,"x86_64","0.4536",0,"",0,4
"c6in.4xlarge","Compute optimized",16,32,"x86_64","0.9072",0,"",0,8
"c6in.8xlarge","Compute optimized",32,64,"x86_64","1.8144",0,"",0,16
"c6in.12xlarge","Compute optimized",48,96,"x86_64","2.7216",0,"",0,24
"c6in.16xlarge","Compute optimized",64,128,"x86_64","3.6288",0,"",0,32
"c6in.24xlarge","Compute optimized",96,192,"x86_64","5.4432",0,"",0,48
"c6in.32xlarge","Compute optimized",128,256,"x86_64","7.2576",0,"",0,64
"c6in.metal","Compute optimized",128,256,"x86_64","7.2576",0,"",0,64
"c7a.medium","Compute optimized",1,2,"x86_64","0.0513",0,"",0,1
"c7a.large","Compute optimized",2,4,"x86_64","0.1026",0,"",0,2
"c7a.xlarge","Compute optimized",4,8,"x86_64","0.2053",0,"",0,4
"c7a.2xlarge","Compute optimized",8,16,"x86_64","0.4106",0,"",0,8
"c7a.4xlarge","Compute optimized",16,32,"x86_64","0.8211",0,"",0,16
"c7a.8xlarge","Compute optimized",32,64,"x86_64","1.6422",0,"",0,32
"c7a.12xlarge","Compute optimized",48,96,"x86_64","2.4634",0,"",0,48
"c7a.16xlarge","Compute optimized",64,128,"x86_64","3.2845",0,"",0,64
"c7a.24xlarge","Compute optimized",96,192,"x86_64","4.9267",0,"",0,96
"c7a.32xlarge","Compute optimized",128,256,"x86_64","6.5690",0,"",0,128
"c7a.48xlarge","Compute optimized",192,384,"x86_64","9.8534",0,"",0,192
"c7a.metal-48xl","Compute optimized",192,384,"x86_64","9.8534",0,"",0,192
"c7i-flex.large","Compute optimized",2,4,"x86_64","0.0848",0,"",0,1
"c7i-flex.xlarge","Compute optimized",4,8,"x86_64","0.1696",0,"",0,2
"c7i-flex.2xlarge","Compute optimized",8,16,"x86_64","0.3392",0,"",0,4
"c7i-flex.4xlarge","Compute optimized",16,32,"x86_64","0.6783",0,"",0,8
"c7i-flex.8xlarge","Compute optimized",32,64,"x86_64","1.3566",0,"",0,16
"c7i-flex.12xlarge","Compute optimized",48,96,"x86_64","2.0349",0,"",0,24
"c7i-flex.16xlarge","Compute optimized",64,128,"x86_64","2.7132",0,"",0,32
"c7i.large","Compute optimized",2,4,"x86_64","0.0893",0,"",0,1
"c7i.xlarge","Compute optimized",4,8,"x86_64","0.1785",0,"",0,2
"c7i.2xlarge","Compute optimized",8,16,"x86_64","0.3570",0,"",0,4
"c7i.4xlarge","Compute optimized",16,32,"x86_64","0.7140",0,"",0,8
"c7i.8xlarge","Compute optimized",32,64,"x86_64","1.4280",0,"",0,16
"c7i.12xlarge","Compute optimized",48,96,"x86_64","2.1420",0,"",0,24
"c7i.16xlarge","Compute optimized",64,128,"x86_64","2.8560",0,"",0,32
"c7i.24xlarge","Compute optimized",96,192,"x86_64","4.2840",0,"",0,48
"c7i.metal-24xl","Compute optimized",96,192,"x86_64","4.2840",0,"",0,48
"c7i.48xlarge","Compute optimized",192,384,"x86_64","8.5680",0,"",0,96
"c7i.metal-48xl","Compute optimized",192,384,"x86_64","8.5680",0,"",0,96
"c8a.medium","Compute optimized",1,2,"x86_64","0.0539",0,"",0,1
"c8a.large","Compute optimized",2,4,"x86_64","0.1078",0,"",0,2
"c8a.xlarge","Compute optimized",4,8,"x86_64","0.2155",0,"",0,4
"c8a.2xlarge","Compute optimized",8,16,"x86_64","0.4311",0,"",0,8
"c8a.4xlarge","Compute optimized",16,32,"x86_64","0.8622",0,"",0,16
"c8a.8xlarge","Compute optimized",32,64,"x86_64","1.7243",0,"",0,32
"c8a.12xlarge","Compute optimized",48,96,"x86_64","2.5865",0,"",0,48
"c8a.16xlarge","Compute optimized",64,128,"x86_64","3.4486",0,"",0,64
"c8a.24xlarge","Compute optimized",96,192,"x86_64","5.1730",0,"",0,96
"c8a.metal-24xl","Compute optimized",96,192,"x86_64","5.1730",0,"",0,96
"c8a.48xlarge","Compute optimized",192,384,"x86_64","10.3459",0,"",0,192
"c8a.metal-48xl","Compute optimized",192,384,"x86_64","10.3459",0,"",0,192
"c8i-flex.large","Compute optimized",2,4,"x86_64","0.0890",0,"",0,1
"c8i-flex.xlarge","Compute optimized",4,8,"x86_64","0.1780",0,"",0,2
"c8i-flex.2xlarge","Compute optimized",8,16,"x86_64","0.3561",0,"",0,4
"c8i-flex.4xlarge","Compute optimized",16,32,"x86_64","0.7122",0,"",0,8
"c8i-flex.8xlarge","Compute optimized",32,64,"x86_64","1.4243",0,"",0,16
"c8i-flex.12xlarge","Compute optimized",48,96,"x86_64","2.1365",0,"",0,24
"c8i-flex.16xlarge","Compute optimized",64,128,"x86_64","2.8486",0,"",0,32
"c8i.large","Compute optimized",2,4,"x86_64","0.0937",0,"",0,1
"c8i.xlarge","Compute optimized",4,8,"x86_64","0.1874",0,"",0,2
"c8i.2xlarge","Compute optimized",8,16,"x86_64","0.3748",0,"",0,4
"c8i.4xlarge","Compute optimized",16,32,"x86_64","0.7497",0,"",0,8
"c8i.8xlarge","Compute optimized",32,64,"x86_64","1.4994",0,"",0,16
"c8i.12xlarge","Compute optimized",48,96,"x86_64","2.2490",0,"",0,24
"c8i.16xlarge","Compute optimized",64,128,"x86_64","2.9987",0,"",0,32
"c8i.24xlarge","Compute optimized",96,192,"x86_64","4.4981",0,"",0,48
"c8i.32xlarge","Compute optimized",128,256,"x86_64","5.9974",0,"",0,64
"c8i.48xlarge","Compute optimized",192,384,"x86_64","8.9962",0,"",0,96
"c8i.metal-48xl","Compute optimized",192,384,"x86_64","8.9962",0,"",0,96
"c8i.96xlarge","Compute optimized",384,768,"x86_64","17.9923",0,"",0,192
"c8i.metal-96xl","Compute optimized",384,768,"x86_64","17.9923",0,"",0,192
"c8ib.large","Compute optimized",2,4,"x86_64","0.1361",0,"",0,1
"c8ib.xlarge","Compute optimized",4,8,"x86_64","0.2722",0,"",0,2
"c8ib.2xlarge","Compute optimized",8,16,"x86_64","0.5443",0,"",0,4
"c8ib.4xlarge","Compute optimized",16,32,"x86_64","1.0886",0,"",0,8
"c8ib.8xlarge","Compute optimized",32,64,"x86_64","2.1773",0,"",0,16
"c8ib.12xlarge","Compute optimized",48,96,"x86_64","3.2659",0,"",0,24
"c8ib.16xlarge","Compute optimized",64,128,"x86_64","4.3546",0,"",0,32
"c8ib.24xlarge","Compute optimized",96,192,"x86_64","6.5318",0,"",0,48
"c8ib.32xlarge","Compute optimized",128,256,"x86_64","8.7091",0,"",0,64
"c8ib.48xlarge","Compute optimized",192,384,"x86_64","13.0637",0,"",0,96
"c8ib.metal-48xl","Compute optimized",192,384,"x86_64","13.0637",0,"",0,96
"c8ib.96xlarge","Compute optimized",384,768,"x86_64","26.1274",0,"",0,192
"c8ib.metal-96xl","Compute optimized",384,768,"x86_64","26.1274",0,"",0,192
"c8id.large","Compute optimized",2,4,"x86_64","0.1109",0,"",0,1
"c8id.xlarge","Compute optimized",4,8,"x86_64","0.2218",0,"",0,2
"c8id.2xlarge","Compute optimized",8,16,"x86_64","0.4435",0,"",0,4
"c8id.4xlarge","Compute optimized",16,32,"x86_64","0.8870",0,"",0,8
"c8id.8xlarge","Compute optimized",32,64,"x86_64","1.7741",0,"",0,16
"c8id.12xlarge","Compute optimized",48,96,"x86_64","2.6611",0,"",0,24
"c8id.16xlarge","Compute optimized",64,128,"x86_64","3.5482",0,"",0,32
"c8id.24xlarge","Compute optimized",96,192,"x86_64","5.3222",0,"",0,48
"c8id.32xlarge","Compute optimized",128,256,"x86_64","7.0963",0,"",0,64
"c8id.48xlarge","Compute optimized",192,384,"x86_64","10.6445",0,"",0,96
"c8id.metal-48xl","Compute optimized",192,384,"x86_64","10.6445",0,"",0,96
"c8id.96xlarge","Compute optimized",384,768,"x86_64","21.2890",0,"",0,192
"c8id.metal-96xl","Compute optimized",384,768,"x86_64","21.2890",0,"",0,192
"c8in.large","Compute optimized",2,4,"x86_64","0.1361",0,"",0,1
"c8in.xlarge","Compute optimized",4,8,"x86_64","0.2722",0,"",0,2
"c8in.2xlarge","Compute optimized",8,16,"x86_64","0.5443",0,"",0,4
"c8in.4xlarge","Compute optimized",16,32,"x86_64","1.0886",0,"",0,8
"c8in.8xlarge","Compute optimized",32,64,"x86_64","2.1773",0,"",0,16
"c8in.12xlarge","Compute optimized",48,96,"x86_64","3.2659",0,"",0,24
"c8in.16xlarge","Compute optimized",64,128,"x86_64","4.3546",0,"",0,32
"c8in.24xlarge","Compute optimized",96,192,"x86_64","6.5318",0,"",0,48
"c8in.32xlarge","Compute optimized",128,256,"x86_64","8.7091",0,"",0,64
"c8in.48xlarge","Compute optimized",192,384,"x86_64","13.0637",0,"",0,96
"c8in.metal-48xl","Compute optimized",192,384,"x86_64","13.0637",0,"",0,96
"c8in.96xlarge","Compute optimized",384,768,"x86_64","26.1274",0,"",0,192
"c8in.metal-96xl","Compute optimized",384,768,"x86_64","26.1274",0,"",0,192
"c8ine.large","Compute optimized",2,4,"x86_64","0.1701",0,"",0,1
"c8ine.xlarge","Compute optimized",4,8,"x86_64","0.3402",0,"",0,2
"c8ine.2xlarge","Compute optimized",8,16,"x86_64","0.6804",0,"",0,4
"c8ine.4xlarge","Compute optimized",16,32,"x86_64","1.3608",0,"",0,8
"c8ine.8xlarge","Compute optimized",32,64,"x86_64","2.7216",0,"",0,16
"c8ine.12xlarge","Compute optimized",48,96,"x86_64","4.0824",0,"",0,24
"d2.xlarge","Storage optimized",4,30.5,"x86_64","0.6900",0,"",0,2
"d2.2xlarge","Storage optimized",8,61,"x86_64","1.3800",0,"",0,4
"d2.4xlarge","Storage optimized",16,122,"x86_64","2.7600",0,"",0,8
"d2.8xlarge","Storage optimized",36,244,"x86_64","5.5200",0,"",0,18
"d3.xlarge","Storage optimized",4,32,"x86_64","0.4990",0,"",0,2
"d3.2xlarge","Storage optimized",8,64,"x86_64","0.9990",0,"",0,4
"d3.4xlarge","Storage optimized",16,128,"x86_64","1.9980",0,"",0,8
"d3.8xlarge","Storage optimized",32,256,"x86_64","3.9955",0,"",0,16
"d3en.xlarge","Storage optimized",4,16,"x86_64","0.5260",0,"",0,2
"d3en.2xlarge","Storage optimized",8,32,"x86_64","1.0510",0,"",0,4
"d3en.4xlarge","Storage optimized",16,64,"x86_64","2.1030",0,"",0,8
"d3en.6xlarge","Storage optimized",24,96,"x86_64","3.1540",0,"",0,12
"d3en.8xlarge","Storage optimized",32,128,"x86_64","4.2058",0,"",0,16
"d3en.12xlarge","Storage optimized",48,192,"x86_64","6.3086",0,"",0,24
"dl1.24xlarge","Machine Learning ASIC",96,768,"x86_64","13.1090",0,"Gaudi HL-205",32,48
"f2.6xlarge","FPGA",24,256,"x86_64","1.9800",0,"",0,12
"f2.12xlarge","FPGA",48,512,"x86_64","3.9600",0,"",0,24
"f2.48xlarge","FPGA",192,2048,"x86_64","15.8400",0,"",0,96
"g4ad.xlarge","GPU instance",4,16,"x86_64","0.3785",1,"Radeon Pro V520",8,2
"g4ad.2xlarge","GPU instance",8,32,"x86_64","0.5412",1,"Radeon Pro V520",8,4
"g4ad.4xlarge","GPU instance",16,64,"x86_64","0.8670",1,"Radeon Pro V520",8,8
"g4ad.8xlarge","GPU instance",32,128,"x86_64","1.7340",2,"Radeon Pro V520",8,16
"g4ad.16xlarge","GPU instance",64,256,"x86_64","3.4680",4,"Radeon Pro V520",8,32
"g4dn.xlarge","GPU instance",4,16,"x86_64","0.5260",1,"T4",16,2
"g4dn.2xlarge","GPU instance",8,32,"x86_64","0.7520",1,"T4",16,4
"g4dn.4xlarge","GPU instance",16,64,"x86_64","1.2040",1,"T4",16,8
"g4dn.8xlarge","GPU instance",32,128,"x86_64","2.1760",1,"T4",16,16
"g4dn.12xlarge","GPU instance",48,192,"x86_64","3.9120",4,"T4",16,24
"g4dn.16xlarge","GPU instance",64,256,"x86_64","4.3520",1,"T4",16,32
"g4dn.metal","GPU instance",96,384,"x86_64","7.8240",8,"T4",16,48
"g5.xlarge","GPU instance",4,16,"x86_64","1.0060",1,"A10G",22.35,2
"g5.2xlarge","GPU instance",8,32,"x86_64","1.2120",1,"A10G",22.35,4
"g5.4xlarge","GPU instance",16,64,"x86_64","1.6240",1,"A10G",22.35,8
"g5.8xlarge","GPU instance",32,128,"x86_64","2.4480",1,"A10G",22.35,16
"g5.12xlarge","GPU instance",48,192,"x86_64","5.6720",4,"A10G",22.35,24
"g5.16xlarge","GPU instance",64,256,"x86_64","4.0960",1,"A10G",22.35,32
"g5.24xlarge","GPU instance",96,384,"x86_64","8.1440",4,"A10G",22.35,48
"g5.48xlarge","GPU instance",192,768,"x86_64","16.2880",8,"A10G",22.35,96
"g6.xlarge","GPU instance",4,16,"x86_64","0.8048",1,"L4",22.35,2
"g6.2xlarge","GPU instance",8,32,"x86_64","0.9776",1,"L4",22.35,4
"g6.4xlarge","GPU instance",16,64,"x86_64","1.3232",1,"L4",22.35,8
"g6.8xlarge","GPU instance",32,128,"x86_64","2.0144",1,"L4",22.35,16
"g6.12xlarge","GPU instance",48,192,"x86_64","4.6016",4,"L4",22.35,24
"g6.16xlarge","GPU instance",64,256,"x86_64","3.3968",1,"L4",22.35,32
"g6.24xlarge","GPU instance",96,384,"x86_64","6.6752",4,"L4",22.35,48
"g6.48xlarge","GPU instance",192,768,"x86_64","13.3504",8,"L4",22.35,96
"g6e.xlarge","GPU instance",4,32,"x86_64","1.8610",1,"L40S",44.7,2
"g6e.2xlarge","GPU instance",8,64,"x86_64","2.2421",1,"L40S",44.7,4
"g6e.4xlarge","GPU instance",16,128,"x86_64","3.0042",1,"L40S",44.7,8
"g6e.8xlarge","GPU instance",32,256,"x86_64","4.5286",1,"L40S",44.7,16
"g6e.12xlarge","GPU instance",48,384,"x86_64","10.4926",4,"L40S",44.7,24
"g6e.16xlarge","GPU instance",64,512,"x86_64","7.5772",1,"L40S",44.7,32
"g6e.24xlarge","GPU instance",96,768,"x86_64","15.0656",4,"L40S",44.7,48
"g6e.48xlarge","GPU instance",192,1536,"x86_64","30.1312",8,"L40S",44.7,96
"g6f.large","GPU instance",2,8,"x86_64","0.2020",0.125,"L4",2.79,1
"g6f.xlarge","GPU instance",4,16,"x86_64","0.2375",0.125,"L4",2.79,2
"g6f.2xlarge","GPU instance",8,32,"x86_64","0.4750",0.25,"L4",5.59,4
"g6f.4xlarge","GPU instance",16,64,"x86_64","0.9500",0.5,"L4",11.18,8
"g7e.2xlarge","GPU instance",8,64,"x86_64","3.3631",1,"RTX PRO Server 6000",96,4
"g7e.4xlarge","GPU instance",16,128,"x86_64","3.9982",1,"RTX PRO Server 6000",96,8
"g7e.8xlarge","GPU instance",32,256,"x86_64","5.2682",1,"RTX PRO Server 6000",96,16
"g7e.12xlarge","GPU instance",48,512,"x86_64","8.2861",2,"RTX PRO Server 6000",96,24
"g7e.24xlarge","GPU instance",96,1024,"x86_64","16.5722",4,"RTX PRO Server 6000",96,48
"g7e.48xlarge","GPU instance",192,2048,"x86_64","33.1443",8,"RTX PRO Server 6000",96,96
"gr6.4xlarge","GPU instance",16,128,"x86_64","1.5392",1,"L4",22.35,8
"gr6.8xlarge","GPU instance",32,256,"x86_64","2.4464",1,"L4",22.35,16
"gr6f.4xlarge","GPU instance",16,128,"x86_64","1.0660",0.5,"L4",11.18,8
"h1.2xlarge","Storage optimized",8,32,"x86_64","0.4680",0,"",0,4
"h1.4xlarge","Storage optimized",16,64,"x86_64","0.9360",0,"",0,8
"h1.8xlarge","Storage optimized",32,128,"x86_64","1.8720",0,"",0,16
"h1.16xlarge","Storage optimized",64,256,"x86_64","3.7440",0,"",0,32
"i2.xlarge","Storage optimized",4,30.5,"x86_64","0.8530",0,"",0,2
"i2.2xlarge","Storage optimized",8,61,"x86_64","1.7050",0,"",0,4
"i2.4xlarge","Storage optimized",16,122,"x86_64","3.4100",0,"",0,8
"i2.8xlarge","Storage optimized",32,244,"x86_64","6.8200",0,"",0,16
"i3.large","Storage optimized",2,15.25,"x86_64","0.1560",0,"",0,1
"i3.xlarge","Storage optimized",4,30.5,"x86_64","0.3120",0,"",0,2
"i3.2xlarge","Storage optimized",8,61,"x86_64","0.6240",0,"",0,4
"i3.4xlarge","Storage optimized",16,122,"x86_64","1.2480",0,"",0,8
"i3.8xlarge","Storage optimized",32,244,"x86_64","2.4960",0,"",0,16
"i3.16xlarge","Storage optimized",64,488,"x86_64","4.9920",0,"",0,32
"i3en.large","Storage optimized",2,16,"x86_64","0.2260",0,"",0,1
"i3en.xlarge","Storage optimized",4,32,"x86_64","0.4520",0,"",0,2
"i3en.2xlarge","Storage optimized",8,64,"x86_64","0.9040",0,"",0,4
"i3en.3xlarge","Storage optimized",12,96,"x86_64","1.3560",0,"",0,6
"i3en.6xlarge","Storage optimized",24,192,"x86_64","2.7120",0,"",0,12
"i3en.12xlarge","Storage optimized",48,384,"x86_64","5.4240",0,"",0,24
"i3en.24xlarge","Storage optimized",96,768,"x86_64","10.8480",0,"",0,48
"i3en.metal","Storage optimized",96,768,"x86_64","10.8480",0,"",0,48
"i4i.large","Storage optimized",2,16,"x86_64","0.1720",0,"",0,1
"i4i.xlarge","Storage optimized",4,32,"x86_64","0.3430",0,"",0,2
"i4i.2xlarge","Storage optimized",8,64,"x86_64","0.6860",0,"",0,4
"i4i.4xlarge","Storage optimized",16,128,"x86_64","1.3730",0,"",0,8
"i4i.8xlarge","Storage optimized",32,256,"x86_64","2.7460",0,"",0,16
"i4i.12xlarge","Storage optimized",48,384,"x86_64","4.1180",0,"",0,24
"i4i.16xlarge","Storage optimized",64,512,"x86_64","5.4910",0,"",0,32
"i4i.24xlarge","Storage optimized",96,768,"x86_64","8.2368",0,"",0,48
"i4i.32xlarge","Storage optimized",128,1024,"x86_64","10.9824",0,"",0,64
"i4i.metal","Storage optimized",128,1024,"x86_64","10.9820",0,"",0,64
"i7i.large","Storage optimized",2,16,"x86_64","0.1888",0,"",0,1
"i7i.xlarge","Storage optimized",4,32,"x86_64","0.3775",0,"",0,2
"i7i.2xlarge","Storage optimized",8,64,"x86_64","0.7550",0,"",0,4
"i7i.4xlarge","Storage optimized",16,128,"x86_64","1.5101",0,"",0,8
"i7i.8xlarge","Storage optimized",32,256,"x86_64","3.0202",0,"",0,16
"i7i.12xlarge","Storage optimized",48,384,"x86_64","4.5302",0,"",0,24
"i7i.16xlarge","Storage optimized",64,512,"x86_64","6.0403",0,"",0,32
"i7i.24xlarge","Storage optimized",96,768,"x86_64","9.0605",0,"",0,48
"i7i.metal-24xl","Storage optimized",96,768,"x86_64","9.0605",0,"",0,48
"i7i.48xlarge","Storage optimized",192,1536,"x86_64","18.1210",0,"",0,96
"i7i.metal-48xl","Storage optimized",192,1536,"x86_64","18.1210",0,"",0,96
"i7ie.large","Storage optimized",2,16,"x86_64","0.2599",0,"",0,1
"i7ie.xlarge","Storage optimized",4,32,"x86_64","0.5198",0,"",0,2
"i7ie.2xlarge","Storage optimized",8,64,"x86_64","1.0396",0,"",0,4
"i7ie.3xlarge","Storage optimized",12,96,"x86_64","1.5594",0,"",0,6
"i7ie.6xlarge","Storage optimized",24,192,"x86_64","3.1188",0,"",0,12
"i7ie.12xlarge","Storage optimized",48,384,"x86_64","6.2376",0,"",0,24
"i7ie.18xlarge","Storage optimized",72,576,"x86_64","9.3564",0,"",0,36
"i7ie.24xlarge","Storage optimized",96,768,"x86_64","12.4752",0,"",0,48
"i7ie.metal-24xl","Storage optimized",96,768,"x86_64","12.4752",0,"",0,48
"i7ie.48xlarge","Storage optimized",192,1536,"x86_64","24.9504",0,"",0,96
"i7ie.metal-48xl","Storage optimized",192,1536,"x86_64","24.9504",0,"",0,96
"inf1.xlarge","Machine Learning ASIC",4,8,"x86_64","0.2280",1,"",0,2
"inf1.2xlarge","Machine Learning ASIC",8,16,"x86_64","0.3620",1,"",0,4
"inf1.6xlarge","Machine Learning ASIC",24,48,"x86_64","1.1800",4,"",0,12
"inf1.24xlarge","Machine Learning ASIC",96,192,"x86_64","4.7210",16,"",0,48
"inf2.xlarge","Machine Learning ASIC",4,16,"x86_64","0.7582",1,"",0,2
"inf2.8xlarge","Machine Learning ASIC",32,128,"x86_64","1.9679",1,"",0,16
"inf2.24xlarge","Machine Learning ASIC",96,384,"x86_64","6.4906",6,"",0,48
"inf2.48xlarge","Machine Learning ASIC",192,768,"x86_64","12.9813",12,"",0,96
"m1.small","General purpose",1,1.7,"x86_64","0.0440",0,"",0,1
"m1.medium","General purpose",1,3.75,"x86_64","0.0870",0,"",0,1
"m1.large","General purpose",2,7.5,"x86_64","0.1750",0,"",0,2
"m1.xlarge","General purpose",4,15,"x86_64","0.3500",0,"",0,4
"m2.xlarge","Memory optimized",2,17.1,"x86_64","0.2450",0,"",0,2
"m2.2xlarge","Memory optimized",4,34.2,"x86_64","0.4900",0,"",0,4
"m2.4xlarge","Memory optimized",8,68.4,"x86_64","0.9800",0,"",0,8
"m3.medium","General purpose",1,3.75,"x86_64","0.0670",0,"",0,1
"m3.large","General purpose",2,7.5,"x86_64","0.1330",0,"",0,1
"m3.xlarge","General purpose",4,15,"x86_64","0.2660",0,"",0,2
"m3.2xlarge","General purpose",8,30,"x86_64","0.5320",0,"",0,4
"m4.large","General purpose",2,8,"x86_64","0.1000",0,"",0,1
"m4.xlarge","General purpose",4,16,"x86_64","0.2000",0,"",0,2
"m4.2xlarge","General purpose",8,32,"x86_64","0.4000",0,"",0,4
"m4.4xlarge","General purpose",16,64,"x86_64","0.8000",0,"",0,8
"m4.10xlarge","General purpose",40,160,"x86_64","2.0000",0,"",0,20
"m4.16xlarge","General purpose",64,256,"x86_64","3.2000",0,"",0,32
"m5.large","General purpose",2,8,"x86_64","0.0960",0,"",0,1
"m5.xlarge","General purpose",4,16,"x86_64","0.1920",0,"",0,2
"m5.2xlarge","General purpose",8,32,"x86_64","0.3840",0,"",0,4
"m5.4xlarge","General purpose",16,64,"x86_64","0.7680",0,"",0,8
"m5.8xlarge","General purpose",32,128,"x86_64","1.5360",0,"",0,16
"m5.12xlarge","General purpose",48,192,"x86_64","2.3040",0,"",0,24
"m5.16xlarge","General purpose",64,256,"x86_64","3.0720",0,"",0,32
"m5.24xlarge","General purpose",96,384,"x86_64","4.6080",0,"",0,48
"m5.metal","General purpose",96,384,"x86_64","4.6080",0,"",0,48
"m5a.large","General purpose",2,8,"x86_64","0.0860",0,"",0,1
"m5a.xlarge","General purpose",4,16,"x86_64","0.1720",0,"",0,2
"m5a.2xlarge","General purpose",8,32,"x86_64","0.3440",0,"",0,4
"m5a.4xlarge","General purpose",16,64,"x86_64","0.6880",0,"",0,8
"m5a.8xlarge","General purpose",32,128,"x86_64","1.3760",0,"",0,16
"m5a.12xlarge","General purpose",48,192,"x86_64","2.0640",0,"",0,24
"m5a.16xlarge","General purpose",64,256,"x86_64","2.7520",0,"",0,32
"m5a.24xlarge","General purpose",96,384,"x86_64","4.1280",0,"",0,48
"m5ad.large","General purpose",2,8,"x86_64","0.1030",0,"",0,1
"m5ad.xlarge","General purpose",4,16,"x86_64","0.2060",0,"",0,2
"m5ad.2xlarge","General purpose",8,32,"x86_64","0.4120",0,"",0,4
"m5ad.4xlarge","General purpose",16,64,"x86_64","0.8240",0,"",0,8
"m5ad.8xlarge","General purpose",32,128,"x86_64","1.6480",0,"",0,16
"m5ad.12xlarge","General purpose",48,192,"x86_64","2.4720",0,"",0,24
"m5ad.16xlarge","General purpose",64,256,"x86_64","3.2960",0,"",0,32
"m5ad.24xlarge","General purpose",96,384,"x86_64","4.9440",0,"",0,48
"m5d.large","General purpose",2,8,"x86_64","0.1130",0,"",0,1
"m5d.xlarge","General purpose",4,16,"x86_64","0.2260",0,"",0,2
"m5d.2xlarge","General purpose",8,32,"x86_64","0.4520",0,"",0,4
"m5d.4xlarge","General purpose",16,64,"x86_64","0.9040",0,"",0,8
"m5d.8xlarge","General purpose",32,128,"x86_64","1.8080",0,"",0,16
"m5d.12xlarge","General purpose",48,192,"x86_64","2.7120",0,"",0,24
"m5d.16xlarge","General purpose",64,256,"x86_64","3.6160",0,"",0,32
"m5d.24xlarge","General purpose",96,384,"x86_64","5.4240",0,"",0,48
"m5d.metal","General purpose",96,384,"x86_64","5.4240",0,"",0,48
"m5dn.large","General purpose",2,8,"x86_64","0.1360",0,"",0,1
"m5dn.xlarge","General purpose",4,16,"x86_64","0.2720",0,"",0,2
"m5dn.2xlarge","General purpose",8,32,"x86_64","0.5440",0,"",0,4
"m5dn.4xlarge","General purpose",16,64,"x86_64","1.0880",0,"",0,8
"m5dn.8xlarge","General purpose",32,128,"x86_64","2.1760",0,"",0,16
"m5dn.12xlarge","General purpose",48,192,"x86_64","3.2640",0,"",0,24
"m5dn.16xlarge","General purpose",64,256,"x86_64","4.3520",0,"",0,32
"m5dn.24xlarge","General purpose",96,384,"x86_64","6.5280",0,"",0,48
"m5dn.metal","General purpose",96,384,"x86_64","6.5280",0,"",0,48
"m5n.large","General purpose",2,8,"x86_64","0.1190",0,"",0,1
"m5n.xlarge","General purpose",4,16,"x86_64","0.2380",0,"",0,2
"m5n.2xlarge","General purpose",8,32,"x86_64","0.4760",0,"",0,4
"m5n.4xlarge","General purpose",16,64,"x86_64","0.9520",0,"",0,8
"m5n.8xlarge","General purpose",32,128,"x86_64","1.9040",0,"",0,16
"m5n.12xlarge","General purpose",48,192,"x86_64","2.8560",0,"",0,24
"m5n.16xlarge","General purpose",64,256,"x86_64","3.8080",0,"",0,32
"m5n.24xlarge","General purpose",96,384,"x86_64","5.7120",0,"",0,48
"m5n.metal","General purpose",96,384,"x86_64","5.7120",0,"",0,48
"m5zn.large","General purpose",2,8,"x86_64","0.1652",0,"",0,1
"m5zn.xlarge","General purpose",4,16,"x86_64","0.3303",0,"",0,2
"m5zn.2xlarge","General purpose",8,32,"x86_64","0.6607",0,"",0,4
"m5zn.3xlarge","General purpose",12,48,"x86_64","0.9910",0,"",0,6
"m5zn.6xlarge","General purpose",24,96,"x86_64","1.9820",0,"",0,12
"m5zn.12xlarge","General purpose",48,192,"x86_64","3.9641",0,"",0,24
"m5zn.metal","General purpose",48,192,"x86_64","3.9641",0,"",0,24
"m6a.large","General purpose",2,8,"x86_64","0.0864",0,"",0,1
"m6a.xlarge","General purpose",4,16,"x86_64","0.1728",0,"",0,2
"m6a.2xlarge","General purpose",8,32,"x86_64","0.3456",0,"",0,4
"m6a.4xlarge","General purpose",16,64,"x86_64","0.6912",0,"",0,8
"m6a.8xlarge","General purpose",32,128,"x86_64","1.3824",0,"",0,16
"m6a.12xlarge","General purpose",48,192,"x86_64","2.0736",0,"",0,24
"m6a.16xlarge","General purpose",64,256,"x86_64","2.7648",0,"",0,32
"m6a.24xlarge","General purpose",96,384,"x86_64","4.1472",0,"",0,48
"m6a.32xlarge","General purpose",128,512,"x86_64","5.5296",0,"",0,64
"m6a.48xlarge","General purpose",192,768,"x86_64","8.2944",0,"",0,96
"m6a.metal","General purpose",192,768,"x86_64","8.2944",0,"",0,96
"m6i.large","General purpose",2,8,"x86_64","0.0960",0,"",0,1
"m6i.xlarge","General purpose",4,16,"x86_64","0.1920",0,"",0,2
"m6i.2xlarge","General purpose",8,32,"x86_64","0.3840",0,"",0,4
"m6i.4xlarge","General purpose",16,64,"x86_64","0.7680",0,"",0,8
"m6i.8xlarge","General purpose",32,128,"x86_64","1.5360",0,"",0,16
"m6i.12xlarge","General purpose",48,192,"x86_64","2.3040",0,"",0,24
"m6i.16xlarge","General purpose",64,256,"x86_64","3.0720",0,"",0,32
"m6i.24xlarge","General purpose",96,384,"x86_64","4.6080",0,"",0,48
"m6i.32xlarge","General purpose",128,512,"x86_64","6.1440",0,"",0,64
"m6i.metal","General purpose",128,512,"x86_64","6.1440",0,"",0,64
"m6id.large","General purpose",2,8,"x86_64","0.1187",0,"",0,1
"m6id.xlarge","General purpose",4,16,"x86_64","0.2373",0,"",0,2
"m6id.2xlarge","General purpose",8,32,"x86_64","0.4746",0,"",0,4
"m6id.4xlarge","General purpose",16,64,"x86_64","0.9492",0,"",0,8
"m6id.8xlarge","General purpose",32,128,"x86_64","1.8984",0,"",0,16
"m6id.12xlarge","General purpose",48,192,"x86_64","2.8476",0,"",0,24
"m6id.16xlarge","General purpose",64,256,"x86_64","3.7968",0,"",0,32
"m6id.24xlarge","General purpose",96,384,"x86_64","5.6952",0,"",0,48
"m6id.32xlarge","General purpose",128,512,"x86_64","7.5936",0,"",0,64
"m6id.metal","General purpose",128,512,"x86_64","7.5936",0,"",0,64
"m6idn.large","General purpose",2,8,"x86_64","0.1591",0,"",0,1
"m6idn.xlarge","General purpose",4,16,"x86_64","0.3182",0,"",0,2
"m6idn.2xlarge","General purpose",8,32,"x86_64","0.6365",0,"",0,4
"m6idn.4xlarge","General purpose",16,64,"x86_64","1.2730",0,"",0,8
"m6idn.8xlarge","General purpose",32,128,"x86_64","2.5459",0,"",0,16
"m6idn.12xlarge","General purpose",48,192,"x86_64","3.8189",0,"",0,24
"m6idn.16xlarge","General purpose",64,256,"x86_64","5.0918",0,"",0,32
"m6idn.24xlarge","General purpose",96,384,"x86_64","7.6378",0,"",0,48
"m6idn.32xlarge","General purpose",128,512,"x86_64","10.1837",0,"",0,64
"m6idn.metal","General purpose",128,512,"x86_64","10.1837",0,"",0,64
"m6in.large","General purpose",2,8,"x86_64","0.1392",0,"",0,1
"m6in.xlarge","General purpose",4,16,"x86_64","0.2785",0,"",0,2
"m6in.2xlarge","General purpose",8,32,"x86_64","0.5569",0,"",0,4
"m6in.4xlarge","General purpose",16,64,"x86_64","1.1138",0,"",0,8
"m6in.8xlarge","General purpose",32,128,"x86_64","2.2277",0,"",0,16
"m6in.12xlarge","General purpose",48,192,"x86_64","3.3415",0,"",0,24
"m6in.16xlarge","General purpose",64,256,"x86_64","4.4554",0,"",0,32
"m6in.24xlarge","General purpose",96,384,"x86_64","6.6830",0,"",0,48
"m6in.32xlarge","General purpose",128,512,"x86_64","8.9107",0,"",0,64
"m6in.metal","General purpose",128,512,"x86_64","8.9107",0,"",0,64
"m7a.medium","General purpose",1,4,"x86_64","0.0580",0,"",0,1
"m7a.large","General purpose",2,8,"x86_64","0.1159",0,"",0,2
"m7a.xlarge","General purpose",4,16,"x86_64","0.2318",0,"",0,4
"m7a.2xlarge","General purpose",8,32,"x86_64","0.4637",0,"",0,8
"m7a.4xlarge","General purpose",16,64,"x86_64","0.9274",0,"",0,16
"m7a.8xlarge","General purpose",32,128,"x86_64","1.8547",0,"",0,32
"m7a.12xlarge","General purpose",48,192,"x86_64","2.7821",0,"",0,48
"m7a.16xlarge","General purpose",64,256,"x86_64","3.7094",0,"",0,64
"m7a.24xlarge","General purpose",96,384,"x86_64","5.5642",0,"",0,96
"m7a.32xlarge","General purpose",128,512,"x86_64","7.4189",0,"",0,128
"m7a.48xlarge","General purpose",192,768,"x86_64","11.1283",0,"",0,192
"m7a.metal-48xl","General purpose",192,768,"x86_64","11.1283",0,"",0,192
"m7i-flex.large","General purpose",2,8,"x86_64","0.0958",0,"",0,1
"m7i-flex.xlarge","General purpose",4,16,"x86_64","0.1915",0,"",0,2
"m7i-flex.2xlarge","General purpose",8,32,"x86_64","0.3830",0,"",0,4
"m7i-flex.4xlarge","General purpose",16,64,"x86_64","0.7661",0,"",0,8
"m7i-flex.8xlarge","General purpose",32,128,"x86_64","1.5322",0,"",0,16
"m7i-flex.12xlarge","General purpose",48,192,"x86_64","2.2982",0,"",0,24
"m7i-flex.16xlarge","General purpose",64,256,"x86_64","3.0643",0,"",0,32
"m7i.large","General purpose",2,8,"x86_64","0.1008",0,"",0,1
"m7i.xlarge","General purpose",4,16,"x86_64","0.2016",0,"",0,2
"m7i.2xlarge","General purpose",8,32,"x86_64","0.4032",0,"",0,4
"m7i.4xlarge","General purpose",16,64,"x86_64","0.8064",0,"",0,8
"m7i.8xlarge","General purpose",32,128,"x86_64","1.6128",0,"",0,16
"m7i.12xlarge","General purpose",48,192,"x86_64","2.4192",0,"",0,24
"m7i.16xlarge","General purpose",64,256,"x86_64","3.2256",0,"",0,32
"m7i.24xlarge","General purpose",96,384,"x86_64","4.8384",0,"",0,48
"m7i.metal-24xl","General purpose",96,384,"x86_64","4.8384",0,"",0,48
"m7i.48xlarge","General purpose",192,768,"x86_64","9.6768",0,"",0,96
"m7i.metal-48xl","General purpose",192,768,"x86_64","9.6768",0,"",0,96
"m8a.medium","General purpose",1,4,"x86_64","0.0609",0,"",0,1
"m8a.large","General purpose",2,8,"x86_64","0.1217",0,"",0,2
"m8a.xlarge","General purpose",4,16,"x86_64","0.2434",0,"",0,4
"m8a.2xlarge","General purpose",8,32,"x86_64","0.4869",0,"",0,8
"m8a.4xlarge","General purpose",16,64,"x86_64","0.9738",0,"",0,16
"m8a.8xlarge","General purpose",32,128,"x86_64","1.9475",0,"",0,32
"m8a.12xlarge","General purpose",48,192,"x86_64","2.9213",0,"",0,48
"m8a.16xlarge","General purpose",64,256,"x86_64","3.8950",0,"",0,64
"m8a.24xlarge","General purpose",96,384,"x86_64","5.8426",0,"",0,96
"m8a.metal-24xl","General purpose",96,384,"x86_64","5.8426",0,"",0,96
"m8a.48xlarge","General purpose",192,768,"x86_64","11.6851",0,"",0,192
"m8a.metal-48xl","General purpose",192,768,"x86_64","11.6851",0,"",0,192
"m8azn.medium","General purpose",1,4,"x86_64","0.1032",0,"",0,1
"m8azn.large","General purpose",2,8,"x86_64","0.2065",0,"",0,2
"m8azn.xlarge","General purpose",4,16,"x86_64","0.4129",0,"",0,4
"m8azn.3xlarge","General purpose",12,48,"x86_64","1.2388",0,"",0,12
"m8azn.6xlarge","General purpose",24,96,"x86_64","2.4775",0,"",0,24
"m8azn.12xlarge","General purpose",48,192,"x86_64","4.9550",0,"",0,48
"m8azn.metal-12xl","General purpose",48,192,"x86_64","4.9550",0,"",0,48
"m8azn.24xlarge","General purpose",96,384,"x86_64","9.9101",0,"",0,96
"m8azn.metal-24xl","General purpose",96,384,"x86_64","9.9101",0,"",0,96
"m8i-flex.large","General purpose",2,8,"x86_64","0.1006",0,"",0,1
"m8i-flex.xlarge","General purpose",4,16,"x86_64","0.2011",0,"",0,2
"m8i-flex.2xlarge","General purpose",8,32,"x86_64","0.4022",0,"",0,4
"m8i-flex.4xlarge","General purpose",16,64,"x86_64","0.8044",0,"",0,8
"m8i-flex.8xlarge","General purpose",32,128,"x86_64","1.6088",0,"",0,16
"m8i-flex.12xlarge","General purpose",48,192,"x86_64","2.4132",0,"",0,24
"m8i-flex.16xlarge","General purpose",64,256,"x86_64","3.2176",0,"",0,32
"m8i.large","General purpose",2,8,"x86_64","0.1058",0,"",0,1
"m8i.xlarge","General purpose",4,16,"x86_64","0.2117",0,"",0,2
"m8i.2xlarge","General purpose",8,32,"x86_64","0.4234",0,"",0,4
"m8i.4xlarge","General purpose",16,64,"x86_64","0.8467",0,"",0,8
"m8i.8xlarge","General purpose",32,128,"x86_64","1.6934",0,"",0,16
"m8i.12xlarge","General purpose",48,192,"x86_64","2.5402",0,"",0,24
"m8i.16xlarge","General purpose",64,256,"x86_64","3.3869",0,"",0,32
"m8i.24xlarge","General purpose",96,384,"x86_64","5.0803",0,"",0,48
"m8i.32xlarge","General purpose",128,512,"x86_64","6.7738",0,"",0,64
"m8i.48xlarge","General purpose",192,768,"x86_64","10.1606",0,"",0,96
"m8i.metal-48xl","General purpose",192,768,"x86_64","10.1606",0,"",0,96
"m8i.96xlarge","General purpose",384,1536,"x86_64","20.3213",0,"",0,192
"m8i.metal-96xl","General purpose",384,1536,"x86_64","20.3213",0,"",0,192
"m8ib.large","General purpose",2,8,"x86_64","0.1671",0,"",0,1
"m8ib.xlarge","General purpose",4,16,"x86_64","0.3342",0,"",0,2
"m8ib.2xlarge","General purpose",8,32,"x86_64","0.6683",0,"",0,4
"m8ib.4xlarge","General purpose",16,64,"x86_64","1.3366",0,"",0,8
"m8ib.8xlarge","General purpose",32,128,"x86_64","2.6733",0,"",0,16
"m8ib.12xlarge","General purpose",48,192,"x86_64","4.0099",0,"",0,24
"m8ib.16xlarge","General purpose",64,256,"x86_64","5.3466",0,"",0,32
"m8ib.24xlarge","General purpose",96,384,"x86_64","8.0198",0,"",0,48
"m8ib.32xlarge","General purpose",128,512,"x86_64","10.6931",0,"",0,64
"m8ib.48xlarge","General purpose",192,768,"x86_64","16.0397",0,"",0,96
"m8ib.metal-48xl","General purpose",192,768,"x86_64","16.0397",0,"",0,96
"m8ib.96xlarge","General purpose",384,1536,"x86_64","32.0794",0,"",0,192
"m8ib.metal-96xl","General purpose",384,1536,"x86_64","32.0794",0,"",0,192
"m8id.large","General purpose",2,8,"x86_64","0.1305",0,"",0,1
"m8id.xlarge","General purpose",4,16,"x86_64","0.2610",0,"",0,2
"m8id.2xlarge","General purpose",8,32,"x86_64","0.5221",0,"",0,4
"m8id.4xlarge","General purpose",16,64,"x86_64","1.0442",0,"",0,8
"m8id.8xlarge","General purpose",32,128,"x86_64","2.0883",0,"",0,16
"m8id.12xlarge","General purpose",48,192,"x86_64","3.1325",0,"",0,24
"m8id.16xlarge","General purpose",64,256,"x86_64","4.1766",0,"",0,32
"m8id.24xlarge","General purpose",96,384,"x86_64","6.2650",0,"",0,48
"m8id.32xlarge","General purpose",128,512,"x86_64","8.3533",0,"",0,64
"m8id.48xlarge","General purpose",192,768,"x86_64","12.5299",0,"",0,96
"m8id.metal-48xl","General purpose",192,768,"x86_64","12.5299",0,"",0,96
"m8id.96xlarge","General purpose",384,1536,"x86_64","25.0598",0,"",0,192
"m8id.metal-96xl","General purpose",384,1536,"x86_64","25.0598",0,"",0,192
"m8idb.large","General purpose",2,8,"x86_64","0.1909",0,"",0,1
"m8idb.xlarge","General purpose",4,16,"x86_64","0.3819",0,"",0,2
"m8idb.2xlarge","General purpose",8,32,"x86_64","0.7638",0,"",0,4
"m8idb.4xlarge","General purpose",16,64,"x86_64","1.5275",0,"",0,8
"m8idb.8xlarge","General purpose",32,128,"x86_64","3.0550",0,"",0,16
"m8idb.12xlarge","General purpose",48,192,"x86_64","4.5826",0,"",0,24
"m8idb.16xlarge","General purpose",64,256,"x86_64","6.1101",0,"",0,32
"m8idb.24xlarge","General purpose",96,384,"x86_64","9.1651",0,"",0,48
"m8idb.32xlarge","General purpose",128,512,"x86_64","12.2202",0,"",0,64
"m8idb.48xlarge","General purpose",192,768,"x86_64","18.3302",0,"",0,96
"m8idb.metal-48xl","General purpose",192,768,"x86_64","18.3302",0,"",0,96
"m8idb.96xlarge","General purpose",384,1536,"x86_64","36.6605",0,"",0,192
"m8idb.metal-96xl","General purpose",384,1536,"x86_64","36.6605",0,"",0,192
"m8idn.large","General purpose",2,8,"x86_64","0.1909",0,"",0,1
"m8idn.xlarge","General purpose",4,16,"x86_64","0.3819",0,"",0,2
"m8idn.2xlarge","General purpose",8,32,"x86_64","0.7638",0,"",0,4
"m8idn.4xlarge","General purpose",16,64,"x86_64","1.5275",0,"",0,8
"m8idn.8xlarge","General purpose",32,128,"x86_64","3.0550",0,"",0,16
"m8idn.12xlarge","General purpose",48,192,"x86_64","4.5826",0,"",0,24
"m8idn.16xlarge","General purpose",64,256,"x86_64","6.1101",0,"",0,32
"m8idn.24xlarge","General purpose",96,384,"x86_64","9.1651",0,"",0,48
"m8idn.32xlarge","General purpose",128,512,"x86_64","12.2202",0,"",0,64
"m8idn.48xlarge","General purpose",192,768,"x86_64","18.3302",0,"",0,96
"m8idn.metal-48xl","General purpose",192,768,"x86_64","18.3302",0,"",0,96
"m8idn.96xlarge","General purpose",384,1536,"x86_64","36.6605",0,"",0,192
"m8idn.metal-96xl","General purpose",384,1536,"x86_64","36.6605",0,"",0,192
"m8in.large","General purpose",2,8,"x86_64","0.1671",0,"",0,1
"m8in.xlarge","General purpose",4,16,"x86_64","0.3342",0,"",0,2
"m8in.2xlarge","General purpose",8,32,"x86_64","0.6683",0,"",0,4
"m8in.4xlarge","General purpose",16,64,"x86_64","1.3366",0,"",0,8
"m8in.8xlarge","General purpose",32,128,"x86_64","2.6733",0,"",0,16
"m8in.12xlarge","General purpose",48,192,"x86_64","4.0099",0,"",0,24
"m8in.16xlarge","General purpose",64,256,"x86_64","5.3466",0,"",0,32
"m8in.24xlarge","General purpose",96,384,"x86_64","8.0198",0,"",0,48
"m8in.32xlarge","General purpose",128,512,"x86_64","10.6931",0,"",0,64
"m8in.48xlarge","General purpose",192,768,"x86_64","16.0397",0,"",0,96
"m8in.metal-48xl","General purpose",192,768,"x86_64","16.0397",0,"",0,96
"m8in.96xlarge","General purpose",384,1536,"x86_64","32.0794",0,"",0,192
"m8in.metal-96xl","General purpose",384,1536,"x86_64","32.0794",0,"",0,192
"m8ine.large","General purpose",2,8,"x86_64","0.2089",0,"",0,1
"m8ine.xlarge","General purpose",4,16,"x86_64","0.4177",0,"",0,2
"m8ine.2xlarge","General purpose",8,32,"x86_64","0.8354",0,"",0,4
"m8ine.4xlarge","General purpose",16,64,"x86_64","1.6708",0,"",0,8
"m8ine.8xlarge","General purpose",32,128,"x86_64","3.3416",0,"",0,16
"m8ine.12xlarge","General purpose",48,192,"x86_64","5.0124",0,"",0,24
"p3dn.24xlarge","GPU instance",96,768,"x86_64","31.2120",8,"V100",32,48
"p4d.24xlarge","GPU instance",96,1152,"x86_64","21.9576",8,"A100",40,48
"p4de.24xlarge","GPU instance",96,1152,"x86_64","27.4471",8,"A100",80,48
"p5.4xlarge","GPU instance",16,256,"x86_64","n/a",1,"H100",80,8
"p5.48xlarge","GPU instance",192,2048,"x86_64","n/a",8,"H100",80,96
"p5en.48xlarge","GPU instance",192,2048,"x86_64","63.2960",8,"H200",141,96
"p6-b200.48xlarge","GPU instance",192,2048,"x86_64","n/a",8,"B200",179.06,96
"p6-b300.48xlarge","GPU instance",192,4096,"x86_64","142.4160",8,"B300",268.59,96
"r3.large","Memory optimized",2,15.25,"x86_64","0.1660",0,"",0,1
"r3.xlarge","Memory optimized",4,30.5,"x86_64","0.3330",0,"",0,2
"r3.2xlarge","Memory optimized",8,61,"x86_64","0.6650",0,"",0,4
"r3.4xlarge","Memory optimized",16,122,"x86_64","1.3300",0,"",0,8
"r3.8xlarge","Memory optimized",32,244,"x86_64","2.6600",0,"",0,16
"r4.large","Memory optimized",2,15.25,"x86_64","0.1330",0,"",0,1
"r4.xlarge","Memory optimized",4,30.5,"x86_64","0.2660",0,"",0,2
"r4.2xlarge","Memory optimized",8,61,"x86_64","0.5320",0,"",0,4
"r4.4xlarge","Memory optimized",16,122,"x86_64","1.0640",0,"",0,8
"r4.8xlarge","Memory optimized",32,244,"x86_64","2.1280",0,"",0,16
"r4.16xlarge","Memory optimized",64,488,"x86_64","4.2560",0,"",0,32
"r5.large","Memory optimized",2,16,"x86_64","0.1260",0,"",0,1
"r5.xlarge","Memory optimized",4,32,"x86_64","0.2520",0,"",0,2
"r5.2xlarge","Memory optimized",8,64,"x86_64","0.5040",0,"",0,4
"r5.4xlarge","Memory optimized",16,128,"x86_64","1.0080",0,"",0,8
"r5.8xlarge","Memory optimized",32,256,"x86_64","2.0160",0,"",0,16
"r5.12xlarge","Memory optimized",48,384,"x86_64","3.0240",0,"",0,24
"r5.16xlarge","Memory optimized",64,512,"x86_64","4.0320",0,"",0,32
"r5.24xlarge","Memory optimized",96,768,"x86_64","6.0480",0,"",0,48
"r5.metal","Memory optimized",96,768,"x86_64","6.0480",0,"",0,48
"r5a.large","Memory optimized",2,16,"x86_64","0.1130",0,"",0,1
"r5a.xlarge","Memory optimized",4,32,"x86_64","0.2260",0,"",0,2
"r5a.2xlarge","Memory optimized",8,64,"x86_64","0.4520",0,"",0,4
"r5a.4xlarge","Memory optimized",16,128,"x86_64","0.9040",0,"",0,8
"r5a.8xlarge","Memory optimized",32,256,"x86_64","1.8080",0,"",0,16
"r5a.12xlarge","Memory optimized",48,384,"x86_64","2.7120",0,"",0,24
"r5a.16xlarge","Memory optimized",64,512,"x86_64","3.6160",0,"",0,32
"r5a.24xlarge","Memory optimized",96,768,"x86_64","5.4240",0,"",0,48
"r5ad.large","Memory optimized",2,16,"x86_64","0.1310",0,"",0,1
"r5ad.xlarge","Memory optimized",4,32,"x86_64","0.2620",0,"",0,2
"r5ad.2xlarge","Memory optimized",8,64,"x86_64","0.5240",0,"",0,4
"r5ad.4xlarge","Memory optimized",16,128,"x86_64","1.0480",0,"",0,8
"r5ad.8xlarge","Memory optimized",32,256,"x86_64","2.0960",0,"",0,16
"r5ad.12xlarge","Memory optimized",48,384,"x86_64","3.1440",0,"",0,24
"r5ad.16xlarge","Memory optimized",64,512,"x86_64","4.1920",0,"",0,32
"r5ad.24xlarge","Memory optimized",96,768,"x86_64","6.2880",0,"",0,48
"r5b.large","Memory optimized",2,16,"x86_64","0.1490",0,"",0,1
"r5b.xlarge","Memory optimized",4,32,"x86_64","0.2980",0,"",0,2
"r5b.2xlarge","Memory optimized",8,64,"x86_64","0.5960",0,"",0,4
"r5b.4xlarge","Memory optimized",16,128,"x86_64","1.1920",0,"",0,8
"r5b.8xlarge","Memory optimized",32,256,"x86_64","2.3840",0,"",0,16
"r5b.12xlarge","Memory optimized",48,384,"x86_64","3.5760",0,"",0,24
"r5b.16xlarge","Memory optimized",64,512,"x86_64","4.7680",0,"",0,32
"r5b.24xlarge","Memory optimized",96,768,"x86_64","7.1520",0,"",0,48
"r5b.metal","Memory optimized",96,768,"x86_64","7.1520",0,"",0,48
"r5d.large","Memory optimized",2,16,"x86_64","0.1440",0,"",0,1
"r5d.xlarge","Memory optimized",4,32,"x86_64","0.2880",0,"",0,2
"r5d.2xlarge","Memory optimized",8,64,"x86_64","0.5760",0,"",0,4
"r5d.4xlarge","Memory optimized",16,128,"x86_64","1.1520",0,"",0,8
"r5d.8xlarge","Memory optimized",32,256,"x86_64","2.3040",0,"",0,16
"r5d.12xlarge","Memory optimized",48,384,"x86_64","3.4560",0,"",0,24
"r5d.16xlarge","Memory optimized",64,512,"x86_64","4.6080",0,"",0,32
"r5d.24xlarge","Memory optimized",96,768,"x86_64","6.9120",0,"",0,48
"r5d.metal","Memory optimized",96,768,"x86_64","6.9120",0,"",0,48
"r5dn.large","Memory optimized",2,16,"x86_64","0.1670",0,"",0,1
"r5dn.xlarge","Memory optimized",4,32,"x86_64","0.3340",0,"",0,2
"r5dn.2xlarge","Memory optimized",8,64,"x86_64","0.6680",0,"",0,4
"r5dn.4xlarge","Memory optimized",16,128,"x86_64","1.3360",0,"",0,8
"r5dn.8xlarge","Memory optimized",32,256,"x86_64","2.6720",0,"",0,16
"r5dn.12xlarge","Memory optimized",48,384,"x86_64","4.0080",0,"",0,24
"r5dn.16xlarge","Memory optimized",64,512,"x86_64","5.3440",0,"",0,32
"r5dn.24xlarge","Memory optimized",96,768,"x86_64","8.0160",0,"",0,48
"r5dn.metal","Memory optimized",96,768,"x86_64","8.0160",0,"",0,48
"r5n.large","Memory optimized",2,16,"x86_64","0.1490",0,"",0,1
"r5n.xlarge","Memory optimized",4,32,"x86_64","0.2980",0,"",0,2
"r5n.2xlarge","Memory optimized",8,64,"x86_64","0.5960",0,"",0,4
"r5n.4xlarge","Memory optimized",16,128,"x86_64","1.1920",0,"",0,8
"r5n.8xlarge","Memory optimized",32,256,"x86_64","2.3840",0,"",0,16
"r5n.12xlarge","Memory optimized",48,384,"x86_64","3.5760",0,"",0,24
"r5n.16xlarge","Memory optimized",64,512,"x86_64","4.7680",0,"",0,32
"r5n.24xlarge","Memory optimized",96,768,"x86_64","7.1520",0,"",0,48
"r5n.metal","Memory optimized",96,768,"x86_64","7.1520",0,"",0,48
"r6a.large","Memory optimized",2,16,"x86_64","0.1134",0,"",0,1
"r6a.xlarge","Memory optimized",4,32,"x86_64","0.2268",0,"",0,2
"r6a.2xlarge","Memory optimized",8,64,"x86_64","0.4536",0,"",0,4
"r6a.4xlarge","Memory optimized",16,128,"x86_64","0.9072",0,"",0,8
"r6a.8xlarge","Memory optimized",32,256,"x86_64","1.8144",0,"",0,16
"r6a.12xlarge","Memory optimized",48,384,"x86_64","2.7216",0,"",0,24
"r6a.16xlarge","Memory optimized",64,512,"x86_64","3.6288",0,"",0,32
"r6a.24xlarge","Memory optimized",96,768,"x86_64","5.4432",0,"",0,48
"r6a.32xlarge","Memory optimized",128,1024,"x86_64","7.2576",0,"",0,64
"r6a.48xlarge","Memory optimized",192,1536,"x86_64","10.8864",0,"",0,96
"r6a.metal","Memory optimized",192,1536,"x86_64","10.8864",0,"",0,96
"r6i.large","Memory optimized",2,16,"x86_64","0.1260",0,"",0,1
"r6i.xlarge","Memory optimized",4,32,"x86_64","0.2520",0,"",0,2
"r6i.2xlarge","Memory optimized",8,64,"x86_64","0.5040",0,"",0,4
"r6i.4xlarge","Memory optimized",16,128,"x86_64","1.0080",0,"",0,8
"r6i.8xlarge","Memory optimized",32,256,"x86_64","2.0160",0,"",0,16
"r6i.12xlarge","Memory optimized",48,384,"x86_64","3.0240",0,"",0,24
"r6i.16xlarge","Memory optimized",64,512,"x86_64","4.0320",0,"",0,32
"r6i.24xlarge","Memory optimized",96,768,"x86_64","6.0480",0,"",0,48
"r6i.32xlarge","Memory optimized",128,1024,"x86_64","8.0640",0,"",0,64
"r6i.metal","Memory optimized",128,1024,"x86_64","8.0640",0,"",0,64
"r6id.large","Memory optimized",2,16,"x86_64","0.1512",0,"",0,1
"r6id.xlarge","Memory optimized",4,32,"x86_64","0.3024",0,"",0,2
"r6id.2xlarge","Memory optimized",8,64,"x86_64","0.6048",0,"",0,4
"r6id.4xlarge","Memory optimized",16,128,"x86_64","1.2096",0,"",0,8
"r6id.8xlarge","Memory optimized",32,256,"x86_64","2.4192",0,"",0,16
"r6id.12xlarge","Memory optimized",48,384,"x86_64","3.6288",0,"",0,24
"r6id.16xlarge","Memory optimized",64,512,"x86_64","4.8384",0,"",0,32
"r6id.24xlarge","Memory optimized",96,768,"x86_64","7.2576",0,"",0,48
"r6id.32xlarge","Memory optimized",128,1024,"x86_64","9.6768",0,"",0,64
"r6id.metal","Memory optimized",128,1024,"x86_64","9.6768",0,"",0,64
"r6idn.large","Memory optimized",2,16,"x86_64","0.1954",0,"",0,1
"r6idn.xlarge","Memory optimized",4,32,"x86_64","0.3908",0,"",0,2
"r6idn.2xlarge","Memory optimized",8,64,"x86_64","0.7816",0,"",0,4
"r6idn.4xlarge","Memory optimized",16,128,"x86_64","1.5631",0,"",0,8
"r6idn.8xlarge","Memory optimized",32,256,"x86_64","3.1262",0,"",0,16
"r6idn.12xlarge","Memory optimized",48,384,"x86_64","4.6894",0,"",0,24
"r6idn.16xlarge","Memory optimized",64,512,"x86_64","6.2525",0,"",0,32
"r6idn.24xlarge","Memory optimized",96,768,"x86_64","9.3787",0,"",0,48
"r6idn.32xlarge","Memory optimized",128,1024,"x86_64","12.5050",0,"",0,64
"r6idn.metal","Memory optimized",128,1024,"x86_64","12.5050",0,"",0,64
"r6in.large","Memory optimized",2,16,"x86_64","0.1743",0,"",0,1
"r6in.xlarge","Memory optimized",4,32,"x86_64","0.3487",0,"",0,2
"r6in.2xlarge","Memory optimized",8,64,"x86_64","0.6973",0,"",0,4
"r6in.4xlarge","Memory optimized",16,128,"x86_64","1.3946",0,"",0,8
"r6in.8xlarge","Memory optimized",32,256,"x86_64","2.7893",0,"",0,16
"r6in.12xlarge","Memory optimized",48,384,"x86_64","4.1839",0,"",0,24
"r6in.16xlarge","Memory optimized",64,512,"x86_64","5.5786",0,"",0,32
"r6in.24xlarge","Memory optimized",96,768,"x86_64","8.3678",0,"",0,48
"r6in.32xlarge","Memory optimized",128,1024,"x86_64","11.1571",0,"",0,64
"r6in.metal","Memory optimized",128,1024,"x86_64","11.1571",0,"",0,64
"r7a.medium","Memory optimized",1,8,"x86_64","0.0761",0,"",0,1
"r7a.large","Memory optimized",2,16,"x86_64","0.1522",0,"",0,2
"r7a.xlarge","Memory optimized",4,32,"x86_64","0.3043",0,"",0,4
"r7a.2xlarge","Memory optimized",8,64,"x86_64","0.6086",0,"",0,8
"r7a.4xlarge","Memory optimized",16,128,"x86_64","1.2172",0,"",0,16
"r7a.8xlarge","Memory optimized",32,256,"x86_64","2.4344",0,"",0,32
"r7a.12xlarge","Memory optimized",48,384,"x86_64","3.6516",0,"",0,48
"r7a.16xlarge","Memory optimized",64,512,"x86_64","4.8688",0,"",0,64
"r7a.24xlarge","Memory optimized",96,768,"x86_64","7.3032",0,"",0,96
"r7a.32xlarge","Memory optimized",128,1024,"x86_64","9.7376",0,"",0,128
"r7a.48xlarge","Memory optimized",192,1536,"x86_64","14.6064",0,"",0,192
"r7a.metal-48xl","Memory optimized",192,1536,"x86_64","14.6064",0,"",0,192
"r7i.large","Memory optimized",2,16,"x86_64","0.1323",0,"",0,1
"r7i.xlarge","Memory optimized",4,32,"x86_64","0.2646",0,"",0,2
"r7i.2xlarge","Memory optimized",8,64,"x86_64","0.5292",0,"",0,4
"r7i.4xlarge","Memory optimized",16,128,"x86_64","1.0584",0,"",0,8
"r7i.8xlarge","Memory optimized",32,256,"x86_64","2.1168",0,"",0,16
"r7i.12xlarge","Memory optimized",48,384,"x86_64","3.1752",0,"",0,24
"r7i.16xlarge","Memory optimized",64,512,"x86_64","4.2336",0,"",0,32
"r7i.24xlarge","Memory optimized",96,768,"x86_64","6.3504",0,"",0,48
"r7i.metal-24xl","Memory optimized",96,768,"x86_64","6.3504",0,"",0,48
"r7i.48xlarge","Memory optimized",192,1536,"x86_64","12.7008",0,"",0,96
"r7i.metal-48xl","Memory optimized",192,1536,"x86_64","12.7008",0,"",0,96
"r7iz.large","Memory optimized",2,16,"x86_64","0.1860",0,"",0,1
"r7iz.xlarge","Memory optimized",4,32,"x86_64","0.3720",0,"",0,2
"r7iz.2xlarge","Memory optimized",8,64,"x86_64","0.7440",0,"",0,4
"r7iz.4xlarge","Memory optimized",16,128,"x86_64","1.4880",0,"",0,8
"r7iz.8xlarge","Memory optimized",32,256,"x86_64","2.9760",0,"",0,16
"r7iz.12xlarge","Memory optimized",48,384,"x86_64","4.4640",0,"",0,24
"r7iz.16xlarge","Memory optimized",64,512,"x86_64","5.9520",0,"",0,32
"r7iz.metal-16xl","Memory optimized",64,512,"x86_64","5.9520",0,"",0,32
"r7iz.32xlarge","Memory optimized",128,1024,"x86_64","11.9040",0,"",0,64
"r7iz.metal-32xl","Memory optimized",128,1024,"x86_64","11.9040",0,"",0,64
"r8a.medium","Memory optimized",1,8,"x86_64","0.0799",0,"",0,1
"r8a.large","Memory optimized",2,16,"x86_64","0.1598",0,"",0,2
"r8a.xlarge","Memory optimized",4,32,"x86_64","0.3195",0,"",0,4
"r8a.2xlarge","Memory optimized",8,64,"x86_64","0.6390",0,"",0,8
"r8a.4xlarge","Memory optimized",16,128,"x86_64","1.2781",0,"",0,16
"r8a.8xlarge","Memory optimized",32,256,"x86_64","2.5562",0,"",0,32
"r8a.12xlarge","Memory optimized",48,384,"x86_64","3.8342",0,"",0,48
"r8a.16xlarge","Memory optimized",64,512,"x86_64","5.1123",0,"",0,64
"r8a.24xlarge","Memory optimized",96,768,"x86_64","7.6685",0,"",0,96
"r8a.metal-24xl","Memory optimized",96,768,"x86_64","7.6685",0,"",0,96
"r8a.48xlarge","Memory optimized",192,1536,"x86_64","15.3370",0,"",0,192
"r8a.metal-48xl","Memory optimized",192,1536,"x86_64","15.3370",0,"",0,192
"r8i-flex.large","Memory optimized",2,16,"x86_64","0.1320",0,"",0,1
"r8i-flex.xlarge","Memory optimized",4,32,"x86_64","0.2639",0,"",0,2
"r8i-flex.2xlarge","Memory optimized",8,64,"x86_64","0.5279",0,"",0,4
"r8i-flex.4xlarge","Memory optimized",16,128,"x86_64","1.0558",0,"",0,8
"r8i-flex.8xlarge","Memory optimized",32,256,"x86_64","2.1115",0,"",0,16
"r8i-flex.12xlarge","Memory optimized",48,384,"x86_64","3.1673",0,"",0,24
"r8i-flex.16xlarge","Memory optimized",64,512,"x86_64","4.2230",0,"",0,32
"r8i.large","Memory optimized",2,16,"x86_64","0.1389",0,"",0,1
"r8i.xlarge","Memory optimized",4,32,"x86_64","0.2778",0,"",0,2
"r8i.2xlarge","Memory optimized",8,64,"x86_64","0.5557",0,"",0,4
"r8i.4xlarge","Memory optimized",16,128,"x86_64","1.1114",0,"",0,8
"r8i.8xlarge","Memory optimized",32,256,"x86_64","2.2227",0,"",0,16
"r8i.12xlarge","Memory optimized",48,384,"x86_64","3.3341",0,"",0,24
"r8i.16xlarge","Memory optimized",64,512,"x86_64","4.4454",0,"",0,32
"r8i.24xlarge","Memory optimized",96,768,"x86_64","6.6682",0,"",0,48
"r8i.32xlarge","Memory optimized",128,1024,"x86_64","8.8909",0,"",0,64
"r8i.48xlarge","Memory optimized",192,1536,"x86_64","13.3363",0,"",0,96
"r8i.metal-48xl","Memory optimized",192,1536,"x86_64","13.3363",0,"",0,96
"r8i.96xlarge","Memory optimized",384,3072,"x86_64","26.6726",0,"",0,192
"r8i.metal-96xl","Memory optimized",384,3072,"x86_64","26.6726",0,"",0,192
"r8ib.large","Memory optimized",2,16,"x86_64","0.2092",0,"",0,1
"r8ib.xlarge","Memory optimized",4,32,"x86_64","0.4184",0,"",0,2
"r8ib.2xlarge","Memory optimized",8,64,"x86_64","0.8368",0,"",0,4
"r8ib.4xlarge","Memory optimized",16,128,"x86_64","1.6736",0,"",0,8
"r8ib.8xlarge","Memory optimized",32,256,"x86_64","3.3472",0,"",0,16
"r8ib.12xlarge","Memory optimized",48,384,"x86_64","5.0208",0,"",0,24
"r8ib.16xlarge","Memory optimized",64,512,"x86_64","6.6944",0,"",0,32
"r8ib.24xlarge","Memory optimized",96,768,"x86_64","10.0416",0,"",0,48
"r8ib.32xlarge","Memory optimized",128,1024,"x86_64","13.3888",0,"",0,64
"r8ib.48xlarge","Memory optimized",192,1536,"x86_64","20.0832",0,"",0,96
"r8ib.metal-48xl","Memory optimized",192,1536,"x86_64","20.0832",0,"",0,96
"r8ib.96xlarge","Memory optimized",384,3072,"x86_64","40.1664",0,"",0,192
"r8ib.metal-96xl","Memory optimized",384,3072,"x86_64","40.1664",0,"",0,192
"r8id.large","Memory optimized",2,16,"x86_64","0.1663",0,"",0,1
"r8id.xlarge","Memory optimized",4,32,"x86_64","0.3326",0,"",0,2
"r8id.2xlarge","Memory optimized",8,64,"x86_64","0.6653",0,"",0,4
"r8id.4xlarge","Memory optimized",16,128,"x86_64","1.3306",0,"",0,8
"r8id.8xlarge","Memory optimized",32,256,"x86_64","2.6611",0,"",0,16
"r8id.12xlarge","Memory optimized",48,384,"x86_64","3.9917",0,"",0,24
"r8id.16xlarge","Memory optimized",64,512,"x86_64","5.3222",0,"",0,32
"r8id.24xlarge","Memory optimized",96,768,"x86_64","7.9834",0,"",0,48
"r8id.32xlarge","Memory optimized",128,1024,"x86_64","10.6445",0,"",0,64
"r8id.48xlarge","Memory optimized",192,1536,"x86_64","15.9667",0,"",0,96
"r8id.metal-48xl","Memory optimized",192,1536,"x86_64","15.9667",0,"",0,96
"r8id.96xlarge","Memory optimized",384,3072,"x86_64","31.9334",0,"",0,192
"r8id.metal-96xl","Memory optimized",384,3072,"x86_64","31.9334",0,"",0,192
"r8idb.large","Memory optimized",2,16,"x86_64","0.2345",0,"",0,1
"r8idb.xlarge","Memory optimized",4,32,"x86_64","0.4689",0,"",0,2
"r8idb.2xlarge","Memory optimized",8,64,"x86_64","0.9379",0,"",0,4
"r8idb.4xlarge","Memory optimized",16,128,"x86_64","1.8758",0,"",0,8
"r8idb.8xlarge","Memory optimized",32,256,"x86_64","3.7515",0,"",0,16
"r8idb.12xlarge","Memory optimized",48,384,"x86_64","5.6273",0,"",0,24
"r8idb.16xlarge","Memory optimized",64,512,"x86_64","7.5030",0,"",0,32
"r8idb.24xlarge","Memory optimized",96,768,"x86_64","11.2546",0,"",0,48
"r8idb.32xlarge","Memory optimized",128,1024,"x86_64","15.0061",0,"",0,64
"r8idb.48xlarge","Memory optimized",192,1536,"x86_64","22.5091",0,"",0,96
"r8idb.metal-48xl","Memory optimized",192,1536,"x86_64","22.5091",0,"",0,96
"r8idb.96xlarge","Memory optimized",384,3072,"x86_64","45.0182",0,"",0,192
"r8idb.metal-96xl","Memory optimized",384,3072,"x86_64","45.0182",0,"",0,192
"r8idn.large","Memory optimized",2,16,"x86_64","0.2345",0,"",0,1
"r8idn.xlarge","Memory optimized",4,32,"x86_64","0.4689",0,"",0,2
"r8idn.2xlarge","Memory optimized",8,64,"x86_64","0.9379",0,"",0,4
"r8idn.4xlarge","Memory optimized",16,128,"x86_64","1.8758",0,"",0,8
"r8idn.8xlarge","Memory optimized",32,256,"x86_64","3.7515",0,"",0,16
"r8idn.12xlarge","Memory optimized",48,384,"x86_64","5.6273",0,"",0,24
"r8idn.16xlarge","Memory optimized",64,512,"x86_64","7.5030",0,"",0,32
"r8idn.24xlarge","Memory optimized",96,768,"x86_64","11.2546",0,"",0,48
"r8idn.32xlarge","Memory optimized",128,1024,"x86_64","15.0061",0,"",0,64
"r8idn.48xlarge","Memory optimized",192,1536,"x86_64","22.5091",0,"",0,96
"r8idn.metal-48xl","Memory optimized",192,1536,"x86_64","22.5091",0,"",0,96
"r8idn.96xlarge","Memory optimized",384,3072,"x86_64","45.0182",0,"",0,192
"r8idn.metal-96xl","Memory optimized",384,3072,"x86_64","45.0182",0,"",0,192
"r8in.large","Memory optimized",2,16,"x86_64","0.2092",0,"",0,1
"r8in.xlarge","Memory optimized",4,32,"x86_64","0.4184",0,"",0,2
"r8in.2xlarge","Memory optimized",8,64,"x86_64","0.8368",0,"",0,4
"r8in.4xlarge","Memory optimized",16,128,"x86_64","1.6736",0,"",0,8
"r8in.8xlarge","Memory optimized",32,256,"x86_64","3.3472",0,"",0,16
"r8in.12xlarge","Memory optimized",48,384,"x86_64","5.0208",0,"",0,24
"r8in.16xlarge","Memory optimized",64,512,"x86_64","6.6944",0,"",0,32
"r8in.24xlarge","Memory optimized",96,768,"x86_64","10.0416",0,"",0,48
"r8in.32xlarge","Memory optimized",128,1024,"x86_64","13.3888",0,"",0,64
"r8in.48xlarge","Memory optimized",192,1536,"x86_64","20.0832",0,"",0,96
"r8in.metal-48xl","Memory optimized",192,1536,"x86_64","20.0832",0,"",0,96
"r8in.96xlarge","Memory optimized",384,3072,"x86_64","40.1664",0,"",0,192
"r8in.metal-96xl","Memory optimized",384,3072,"x86_64","40.1664",0,"",0,192
"t2.micro","General purpose",1,1,"x86_64","0.0116",0,"",0,1
"t2.small","General purpose",1,2,"x86_64","0.0230",0,"",0,1
"t2.medium","General purpose",2,4,"x86_64","0.0464",0,"",0,2
"t2.large","General purpose",2,8,"x86_64","0.0928",0,"",0,2
"t2.xlarge","General purpose",4,16,"x86_64","0.1856",0,"",0,4
"t2.2xlarge","General purpose",8,32,"x86_64","0.3712",0,"",0,8
"t3.micro","General purpose",2,1,"x86_64","0.0104",0,"",0,1
"t3.small","General purpose",2,2,"x86_64","0.0208",0,"",0,1
"t3.medium","General purpose",2,4,"x86_64","0.0416",0,"",0,1
"t3.large","General purpose",2,8,"x86_64","0.0832",0,"",0,1
"t3.xlarge","General purpose",4,16,"x86_64","0.1664",0,"",0,2
"t3.2xlarge","General purpose",8,32,"x86_64","0.3328",0,"",0,4
"t3a.micro","General purpose",2,1,"x86_64","0.0094",0,"",0,1
"t3a.small","General purpose",2,2,"x86_64","0.0188",0,"",0,1
"t3a.medium","General purpose",2,4,"x86_64","0.0376",0,"",0,1
"t3a.large","General purpose",2,8,"x86_64","0.0752",0,"",0,1
"t3a.xlarge","General purpose",4,16,"x86_64","0.1504",0,"",0,2
"t3a.2xlarge","General purpose",8,32,"x86_64","0.3008",0,"",0,4
"trn1.2xlarge","Machine Learning ASIC",8,32,"x86_64","1.3438",1,"",0,4
"trn1.32xlarge","Machine Learning ASIC",128,512,"x86_64","21.5000",16,"",0,64
"trn1n.32xlarge","Machine Learning ASIC",128,512,"x86_64","24.7800",16,"",0,64
"u-3tb1.56xlarge","Memory optimized",224,3072,"x86_64","27.3000",0,"",0,112
"u-6tb1.56xlarge","Memory optimized",224,6144,"x86_64","46.4039",0,"",0,224
"u-6tb1.112xlarge","Memory optimized",448,6144,"x86_64","54.6000",0,"",0,224
"u7i-12tb.224xlarge","Memory optimized",896,12288,"x86_64","125.5818",0,"",0,448
"u7i-6tb.112xlarge","Memory optimized",448,6144,"x86_64","62.7900",0,"",0,224
"u7i-8tb.112xlarge","Memory optimized",448,8192,"x86_64","83.7200",0,"",0,224
"u7in-16tb.224xlarge","Memory optimized",896,16384,"x86_64","180.4756",0,"",0,448
"u7in-24tb.224xlarge","Memory optimized",896,24576,"x86_64","270.7313",0,"",0,448
"u7in-32tb.224xlarge","Memory optimized",896,32768,"x86_64","360.9870",0,"",0,448
"vt1.3xlarge","Media Accelerator",12,24,"x86_64","0.6500",0,"",0,6
"vt1.6xlarge","Media Accelerator",24,48,"x86_64","1.3000",0,"",0,12
"vt1.24xlarge","Media Accelerator",96,192,"x86_64","5.2000",0,"",0,48
"x1.16xlarge","Memory optimized",64,976,"x86_64","6.6690",0,"",0,32
"x1.32xlarge","Memory optimized",128,1952,"x86_64","13.3380",0,"",0,64
"x1e.xlarge","Memory optimized",4,122,"x86_64","0.8340",0,"",0,2
"x1e.2xlarge","Memory optimized",8,244,"x86_64","1.6680",0,"",0,4
"x1e.4xlarge","Memory optimized",16,488,"x86_64","3.3360",0,"",0,8
"x1e.8xlarge","Memory optimized",32,976,"x86_64","6.6720",0,"",0,16
"x1e.16xlarge","Memory optimized",64,1952,"x86_64","13.3440",0,"",0,32
"x1e.32xlarge","Memory optimized",128,3904,"x86_64","26.6880",0,"",0,64
"x2idn.16xlarge","Memory optimized",64,1024,"x86_64","6.6690",0,"",0,32
"x2idn.24xlarge","Memory optimized",96,1536,"x86_64","10.0035",0,"",0,48
"x2idn.32xlarge","Memory optimized",128,2048,"x86_64","13.3380",0,"",0,64
"x2idn.metal","Memory optimized",128,2048,"x86_64","13.3380",0,"",0,64
"x2iedn.xlarge","Memory optimized",4,128,"x86_64","0.8336",0,"",0,2
"x2iedn.2xlarge","Memory optimized",8,256,"x86_64","1.6673",0,"",0,4
"x2iedn.4xlarge","Memory optimized",16,512,"x86_64","3.3345",0,"",0,8
"x2iedn.8xlarge","Memory optimized",32,1024,"x86_64","6.6690",0,"",0,16
"x2iedn.16xlarge","Memory optimized",64,2048,"x86_64","13.3380",0,"",0,32
"x2iedn.24xlarge","Memory optimized",96,3072,"x86_64","20.0070",0,"",0,48
"x2iedn.32xlarge","Memory optimized",128,4096,"x86_64","26.6760",0,"",0,64
"x2iedn.metal","Memory optimized",128,4096,"x86_64","26.6760",0,"",0,64
"x2iezn.2xlarge","Memory optimized",8,256,"x86_64","1.6680",0,"",0,4
"x2iezn.4xlarge","Memory optimized",16,512,"x86_64","3.3360",0,"",0,8
"x2iezn.6xlarge","Memory optimized",24,768,"x86_64","5.0040",0,"",0,12
"x2iezn.8xlarge","Memory optimized",32,1024,"x86_64","6.6720",0,"",0,16
"x2iezn.12xlarge","Memory optimized",48,1536,"x86_64","10.0080",0,"",0,24
"x2iezn.metal","Memory optimized",48,1536,"x86_64","10.0080",0,"",0,24
"x8i.large","Memory optimized",2,32,"x86_64","0.2188",0,"",0,1
"x8i.xlarge","Memory optimized",4,64,"x86_64","0.4377",0,"",0,2
"x8i.2xlarge","Memory optimized",8,128,"x86_64","0.8753",0,"",0,4
"x8i.4xlarge","Memory optimized",16,256,"x86_64","1.7506",0,"",0,8
"x8i.8xlarge","Memory optimized",32,512,"x86_64","3.5013",0,"",0,16
"x8i.12xlarge","Memory optimized",48,768,"x86_64","5.2519",0,"",0,24
"x8i.16xlarge","Memory optimized",64,1024,"x86_64","7.0026",0,"",0,32
"x8i.24xlarge","Memory optimized",96,1536,"x86_64","10.5038",0,"",0,48
"x8i.32xlarge","Memory optimized",128,2048,"x86_64","14.0051",0,"",0,64
"x8i.48xlarge","Memory optimized",192,3072,"x86_64","21.0077",0,"",0,96
"x8i.metal-48xl","Memory optimized",192,3072,"x86_64","21.0077",0,"",0,96
"x8i.64xlarge","Memory optimized",256,4096,"x86_64","28.0102",0,"",0,128
"x8i.96xlarge","Memory optimized",384,6144,"x86_64","48.7444",0,"",0,192
"x8i.metal-96xl","Memory optimized",384,6144,"x86_64","48.7444",0,"",0,192
"z1d.large","Memory optimized",2,16,"x86_64","0.1860",0,"",0,1
"z1d.xlarge","Memory optimized",4,32,"x86_64","0.3720",0,"",0,2
"z1d.2xlarge","Memory optimized",8,64,"x86_64","0.7440",0,"",0,4
"z1d.3xlarge","Memory optimized",12,96,"x86_64","1.1160",0,"",0,6
"z1d.6xlarge","Memory optimized",24,192,"x86_64","2.2320",0,"",0,12
"z1d.12xlarge","Memory optimized",48,384,"x86_64","4.4640",0,"",0,24
"z1d.metal","Memory optimized",48,384,"x86_64","4.4640",0,"",0,24
