"name","numberOfCores","memoryInMB","cpuArchitecture","gpUs","gpuType","gpuRam","linuxPrice"
"Standard_M832ids_16_v3",832,15200,"x64",0,"","","172.0488"
"Standard_M832is_16_v3",832,15200,"x64",0,"","","163.8560"
"Standard_M832ds_12_v3",832,11400,"x64",0,"","","116.5060"
"Standard_M624ds_12_v3",624,11400,"x64",0,"","","116.1329"
"Standard_M416ds_12_v3",416,11400,"x64",0,"","","116.0520"
"Standard_M832s_12_v3",832,11400,"x64",0,"","","110.9581"
"Standard_M624s_12_v3",624,11400,"x64",0,"","","110.6028"
"Standard_M416s_12_v3",416,11400,"x64",0,"","","110.5800"
"Standard_M416ms_v2",416,11400,"x64",0,"","","99.1500"
"Standard_M416-208ms_v2",208,11400,"x64",0,"","","99.1500"
"Standard_ND96isr_H100_v5",96,1900,"x64",8,"NVIDIA H100",80,"98.3200"
"Standard_M416ds_10_v3",416,9496,"x64",0,"","","96.7367"
"Standard_M416s_10_v3",416,9496,"x64",0,"","","92.4261"
"Standard_M416ds_9_v3",416,8568,"x64",0,"","","87.2831"
"Standard_M416s_9_v3",416,8568,"x64",0,"","","83.1267"
"Standard_M416s_10_v2",416,9496,"x64",0,"","","82.6400"
"Standard_M416ds_8_v3",416,7600,"x64",0,"","","77.4220"
"Standard_M416s_9_v2",416,8568,"x64",0,"","","74.5400"
"Standard_M416s_8_v3",416,7600,"x64",0,"","","73.7352"
"Standard_M416s_8_v2",416,7600,"x64",0,"","","66.1100"
"Standard_M176bds_4_v3",176,3892,"x64",0,"","","62.8300"
"Standard_M176-88bds_4_v3",88,3892,"x64",0,"","","62.8300"
"Standard_M416ds_6_v3",416,5696,"x64",0,"","","58.0665"
"Standard_M416s_6_v3",416,5696,"x64",0,"","","55.3014"
"Standard_M416s_v2",416,5700,"x64",0,"","","49.5800"
"Standard_M416-208s_v2",208,5700,"x64",0,"","","49.5800"
"Standard_M416bs_v3",416,3800,"x64",0,"","","48.1400"
"Standard_M128bds_3_v3",128,2794,"x64",0,"","","45.9600"
"Standard_M128-64bds_3_v3",64,2794,"x64",0,"","","45.9600"
"Standard_M208ms_v2",208,5700,"x64",0,"","","44.6200"
"Standard_M96bds_2_v3",96,1946,"x64",0,"","","34.4700"
"Standard_M96-48bds_2_v3",48,1946,"x64",0,"","","34.4700"
"Standard_ND96amsr_A100_v4",96,1800,"x64",8,"NVIDIA A100 (80GB)",80,"32.7700"
"Standard_M192idms_v2",192,4096,"x64",0,"","","32.0640"
"Standard_M192ims_v2",192,4096,"x64",0,"","","31.6430"
"Standard_ND96asr_v4",96,900,"x64",8,"NVIDIA A100 (40GB)",40,"27.1970"
"Standard_M128dms_v2",128,3892,"x64",0,"","","26.6900"
"Standard_M128ms",128,3892,"x64",0,"","","26.6880"
"Standard_M128m",128,3892,"x64",0,"","","26.6880"
"Standard_M128-64ms",64,3892,"x64",0,"","","26.6880"
"Standard_M128-32ms",32,3892,"x64",0,"","","26.6880"
"Standard_M176ds_4_v3",176,3892,"x64",0,"","","26.4700"
"Standard_M128ms_v2",128,3892,"x64",0,"","","26.2690"
"Standard_M176s_4_v3",176,3892,"x64",0,"","","24.9100"
"Standard_M64bds_1_v3",64,1397,"x64",0,"","","22.9800"
"Standard_M64-32bds_1_v3",32,1397,"x64",0,"","","22.9800"
"Standard_M208s_v2",208,2850,"x64",0,"","","22.3100"
"Standard_ND40rs_v2",40,672,"x64",8,"NVIDIA Tesla V100",32,"22.0320"
"Standard_E192ds_v7",192,1536,"x64",0,"","","19.9580"
"Standard_HB368rs_v5",368,448,"x64",0,"","","19.8000"
"Standard_HB368-96rs_v5",96,448,"x64",0,"","","19.8000"
"Standard_HB368-48rs_v5",48,448,"x64",0,"","","19.8000"
"Standard_HB368-336rs_v5",336,448,"x64",0,"","","19.8000"
"Standard_HB368-288rs_v5",288,448,"x64",0,"","","19.8000"
"Standard_HB368-240rs_v5",240,448,"x64",0,"","","19.8000"
"Standard_HB368-192rs_v5",192,448,"x64",0,"","","19.8000"
"Standard_HB368-144rs_v5",144,448,"x64",0,"","","19.8000"
"Standard_M176ds_3_v3",176,2794,"x64",0,"","","19.0000"
"Standard_M176s_3_v3",176,2794,"x64",0,"","","17.8800"
"Standard_E192ids_v6",192,1832,"x64",0,"","","17.2680"
"Standard_E192s_v7",192,1536,"x64",0,"","","16.6710"
"Standard_M176bds_v3",176,1536,"x64",0,"","","16.1100"
"Standard_M176-88bds_v3",88,1536,"x64",0,"","","16.1100"
"Standard_M192ids_v2",192,2048,"x64",0,"","","16.0320"
"Standard_D192ds_v7",192,768,"x64",0,"","","15.6630"
"Standard_M192is_v2",192,2048,"x64",0,"","","15.6110"
"Standard_M176bs_v3",176,1536,"x64",0,"","","15.3400"
"Standard_M176-88bs_v3",88,1536,"x64",0,"","","15.3400"
"Standard_NC96ads_A100_v4",96,880,"x64",4,"NVIDIA A100",80,"14.6920"
"Standard_E192is_v6",192,1832,"x64",0,"","","13.9710"
"Standard_NC80adis_H100_v5",80,640,"x64",2,"NVIDIA H100",94,"13.9600"
"Standard_NC24rs_v3",24,448,"x64",4,"NVIDIA Tesla V100",16,"13.4600"
"Standard_M128ds_v2",128,2048,"x64",0,"","","13.3400"
"Standard_M128s",128,2048,"x64",0,"","","13.3380"
"Standard_M128",128,2048,"x64",0,"","","13.3380"
"Standard_E128ds_v7",128,1024,"x64",0,"","","13.3060"
"Standard_D192lds_v7",192,384,"x64",0,"","","13.3060"
"Standard_M96ds_2_v3",96,1946,"x64",0,"","","13.2300"
"Standard_FX96mds_v2",96,1832,"x64",0,"","","13.1300"
"Standard_FX96-48mds_v2",48,1832,"x64",0,"","","13.1300"
"Standard_FX96-24mds_v2",24,1832,"x64",0,"","","13.1300"
"Standard_M128s_v2",128,2048,"x64",0,"","","12.9190"
"Standard_D192s_v7",192,768,"x64",0,"","","12.7010"
"Standard_E128nds_v6",128,1024,"x64",0,"","","12.5050"
"Standard_M96s_2_v3",96,1946,"x64",0,"","","12.4500"
"Standard_NC24s_v3",24,448,"x64",4,"NVIDIA Tesla V100",16,"12.2400"
"Standard_D192ds_v6",192,768,"x64",0,"","","11.9600"
"Standard_M128bds_v3",128,1024,"x64",0,"","","11.7100"
"Standard_M128-64bds_v3",64,1024,"x64",0,"","","11.7100"
"Standard_E160ads_v7",160,1280,"x64",0,"","","11.6160"
"Standard_D192ls_v7",192,384,"x64",0,"","","11.2450"
"Standard_M128bs_v3",128,1024,"x64",0,"","","11.1600"
"Standard_M128-64bs_v3",64,1024,"x64",0,"","","11.1600"
"Standard_E128ns_v6",128,1024,"x64",0,"","","11.1570"
"Standard_E128s_v7",128,1024,"x64",0,"","","11.1140"
"Standard_NC288lds_xl_RTXPRO6000BSE_v6",288,516,"x64",2,"","","11.0000"
"Standard_NC288ds_xl_RTXPRO6000BSE_v6",288,1032,"x64",2,"","","11.0000"
"Standard_E96ads_v5",96,672,"x64",0,"","","10.7040"
"Standard_FX96ms_v2",96,1832,"x64",0,"","","10.6230"
"Standard_FX96-48ms_v2",48,1832,"x64",0,"","","10.6230"
"Standard_FX96-24ms_v2",24,1832,"x64",0,"","","10.6230"
"Standard_E128ds_v6",128,1024,"x64",0,"","","10.4650"
"Standard_E128-64ds_v6",64,1024,"x64",0,"","","10.4650"
"Standard_E128-32ds_v6",32,1024,"x64",0,"","","10.4650"
"Standard_D128ds_v7",128,512,"x64",0,"","","10.4420"
"Standard_M64dms_v2",64,1792,"x64",0,"","","10.3400"
"Standard_M64ms",64,1792,"x64",0,"","","10.3370"
"Standard_M64m",64,1792,"x64",0,"","","10.3370"
"Standard_M64-32ms",32,1792,"x64",0,"","","10.3370"
"Standard_M64-16ms",16,1792,"x64",0,"","","10.3370"
"Standard_E112ibds_v5",112,672,"x64",0,"","","10.2870"
"Standard_D128nds_v6",128,512,"x64",0,"","","10.1840"
"Standard_M64ms_v2",64,1792,"x64",0,"","","10.1300"
"Standard_E96ds_v7",96,768,"x64",0,"","","9.9790"
"Standard_M96ds_1_v3",96,974,"x64",0,"","","9.9300"
"Standard_E96as_v5",96,672,"x64",0,"","","9.8400"
"Standard_E96-24as_v5",24,672,"x64",0,"","","9.8400"
"Standard_D192s_v6",192,768,"x64",0,"","","9.6770"
"Standard_E160as_v7",160,1280,"x64",0,"","","9.5360"
"Standard_E96nds_v6",96,768,"x64",0,"","","9.3790"
"Standard_M96s_1_v3",96,974,"x64",0,"","","9.3400"
"Standard_E128ads_v7",128,1024,"x64",0,"","","9.2930"
"Standard_E128-64ads_v7",64,1024,"x64",0,"","","9.2930"
"Standard_E128-32ads_v7",32,1024,"x64",0,"","","9.2930"
"Standard_E112ibs_v5",112,672,"x64",0,"","","9.1780"
"Standard_D160ads_v7",160,640,"x64",0,"","","9.1200"
"Standard_D128nlds_v6",128,256,"x64",0,"","","8.9630"
"Standard_D128ns_v6",128,512,"x64",0,"","","8.9110"
"Standard_D128lds_v7",128,256,"x64",0,"","","8.8700"
"Standard_M96bds_v3",96,768,"x64",0,"","","8.7900"
"Standard_FX64mds_v2",64,1344,"x64",0,"","","8.7530"
"Standard_FX64-32mds_v2",32,1344,"x64",0,"","","8.7530"
"Standard_FX64-16mds_v2",16,1344,"x64",0,"","","8.7530"
"Standard_F80amds_v7",80,640,"x64",0,"","","8.7220"
"Standard_HX176rs",176,1408,"x64",0,"","","8.6400"
"Standard_HX176-96rs",96,1408,"x64",0,"","","8.6400"
"Standard_HX176-48rs",48,1408,"x64",0,"","","8.6400"
"Standard_HX176-24rs",24,1408,"x64",0,"","","8.6400"
"Standard_HX176-144rs",144,1408,"x64",0,"","","8.6400"
"Standard_E128s_v6",128,1024,"x64",0,"","","8.4670"
"Standard_E128-64s_v6",64,1024,"x64",0,"","","8.4670"
"Standard_E128-32s_v6",32,1024,"x64",0,"","","8.4670"
"Standard_D128s_v7",128,512,"x64",0,"","","8.4670"
"Standard_M96bs_v3",96,768,"x64",0,"","","8.3700"
"Standard_E96ns_v6",96,768,"x64",0,"","","8.3680"
"Standard_L96s_v4",96,768,"x64",0,"","","8.3520"
"Standard_E96s_v7",96,768,"x64",0,"","","8.3360"
"Standard_L96as_v4",96,768,"x64",0,"","","8.2560"
"Standard_E104ids_v5",104,672,"x64",0,"","","8.2370"
"Standard_E104id_v5",104,672,"x64",0,"","","8.2370"
"Standard_E112iads_v5",112,672,"x64",0,"","","8.0700"
"Standard_E96bds_v5",96,672,"x64",0,"","","8.0160"
"Standard_DC128eds_v6",128,512,"x64",0,"","","7.9730"
"Standard_D128ds_v6",128,512,"x64",0,"","","7.9730"
"Standard_E96ds_v6",96,768,"x64",0,"","","7.8490"
"Standard_E96-48ds_v6",48,768,"x64",0,"","","7.8490"
"Standard_E96-24ds_v6",24,768,"x64",0,"","","7.8490"
"Standard_D96ds_v7",96,384,"x64",0,"","","7.8320"
"Standard_D96nds_v6",96,384,"x64",0,"","","7.6380"
"Standard_E128as_v7",128,1024,"x64",0,"","","7.6290"
"Standard_E128-64as_v7",64,1024,"x64",0,"","","7.6290"
"Standard_E128-32as_v7",32,1024,"x64",0,"","","7.6290"
"Standard_D160alds_v7",160,320,"x64",0,"","","7.6160"
"Standard_D128ls_v7",128,256,"x64",0,"","","7.4970"
"Standard_NC48ads_A100_v4",48,440,"x64",2,"NVIDIA A100",80,"7.3460"
"Standard_D128ads_v7",128,512,"x64",0,"","","7.2960"
"Standard_D160as_v7",160,640,"x64",0,"","","7.2640"
"Standard_D128nls_v6",128,256,"x64",0,"","","7.2580"
"Standard_E104is_v5",104,672,"x64",0,"","","7.2070"
"Standard_E104i_v5",104,672,"x64",0,"","","7.2070"
"Standard_HB176rs_v4",176,768,"x64",0,"","","7.2000"
"Standard_HB176-96rs_v4",96,768,"x64",0,"","","7.2000"
"Standard_HB176-48rs_v4",48,768,"x64",0,"","","7.2000"
"Standard_HB176-24rs_v4",24,768,"x64",0,"","","7.2000"
"Standard_HB176-144rs_v4",144,768,"x64",0,"","","7.2000"
"Standard_F80ams_v7",80,640,"x64",0,"","","7.1600"
"Standard_E96bs_v5",96,672,"x64",0,"","","7.1520"
"Standard_E64ads_v5",64,512,"x64",0,"","","7.1360"
"Standard_E64-16ads_v5",16,512,"x64",0,"","","7.1360"
"Standard_FX64ms_v2",64,1344,"x64",0,"","","7.0820"
"Standard_FX64-32ms_v2",32,1344,"x64",0,"","","7.0820"
"Standard_FX64-16ms_v2",16,1344,"x64",0,"","","7.0820"
"Standard_D128lds_v6",128,256,"x64",0,"","","7.0600"
"Standard_NC40ads_H100_v5",40,320,"x64",1,"NVIDIA H100",94,"6.9800"
"Standard_F64amds_v7",64,512,"x64",0,"","","6.9770"
"Standard_F64-32amds_v7",32,512,"x64",0,"","","6.9770"
"Standard_F64-16amds_v7",16,512,"x64",0,"","","6.9770"
"Standard_EC96ads_v6",96,672,"x64",0,"","","6.9700"
"Standard_E96ads_v7",96,768,"x64",0,"","","6.9700"
"Standard_E96ads_v6",96,672,"x64",0,"","","6.9700"
"Standard_E96-48ads_v7",48,768,"x64",0,"","","6.9700"
"Standard_E96-48ads_v6",48,672,"x64",0,"","","6.9700"
"Standard_E96-24ads_v7",24,768,"x64",0,"","","6.9700"
"Standard_E96-24ads_v6",24,672,"x64",0,"","","6.9700"
"Standard_E112ias_v5",112,672,"x64",0,"","","6.9610"
"Standard_L80s_v4",80,640,"x64",0,"","","6.9600"
"Standard_L80s_v3",80,640,"x64",0,"","","6.9600"
"Standard_EC96iads_v5",96,672,"x64",0,"","","6.9170"
"Standard_E96ds_v5",96,672,"x64",0,"","","6.9120"
"Standard_E96d_v5",96,672,"x64",0,"","","6.9120"
"Standard_E96-48ds_v5",48,672,"x64",0,"","","6.9120"
"Standard_E96-24ds_v5",24,672,"x64",0,"","","6.9120"
"Standard_L80as_v4",80,640,"x64",0,"","","6.8800"
"Standard_F80ads_v7",80,320,"x64",0,"","","6.8600"
"Standard_D96nlds_v6",96,192,"x64",0,"","","6.7220"
"Standard_D96ns_v6",96,384,"x64",0,"","","6.6830"
"Standard_M64s",64,1024,"x64",0,"","","6.6690"
"Standard_M64ds_v2",64,1024,"x64",0,"","","6.6690"
"Standard_M64",64,1024,"x64",0,"","","6.6690"
"Standard_E64ds_v7",64,512,"x64",0,"","","6.6530"
"Standard_D96lds_v7",96,192,"x64",0,"","","6.6530"
"Standard_M48ds_1_v3",48,974,"x64",0,"","","6.6200"
"Standard_NP40s",40,672,"x64",4,"AMD Alveo U250 FPGA (64GB)",64,"6.6000"
"Standard_FX48mds_v2",48,1008,"x64",0,"","","6.5650"
"Standard_FX48-24mds_v2",24,1008,"x64",0,"","","6.5650"
"Standard_FX48-12mds_v2",12,1008,"x64",0,"","","6.5650"
"Standard_E64as_v5",64,512,"x64",0,"","","6.5600"
"Standard_E64-32as_v5",32,512,"x64",0,"","","6.5600"
"Standard_NV72ads_A10_v5",72,880,"x64",2,"NVIDIA A10 (24GB)",24,"6.5200"
"Standard_M64s_v2",64,1024,"x64",0,"","","6.4590"
"Standard_DC128es_v6",128,512,"x64",0,"","","6.4510"
"Standard_D128s_v6",128,512,"x64",0,"","","6.4510"
"Standard_D160als_v7",160,320,"x64",0,"","","6.4320"
"Standard_E96s_v6",96,768,"x64",0,"","","6.3500"
"Standard_E96-48s_v6",48,768,"x64",0,"","","6.3500"
"Standard_E96-24s_v6",24,768,"x64",0,"","","6.3500"
"Standard_D96s_v7",96,384,"x64",0,"","","6.3500"
"Standard_EC96ads_v5",96,672,"x64",0,"","","6.2880"
"Standard_EC96ads_cc_v5",96,672,"x64",0,"","","6.2880"
"Standard_E96-48ads_v5",48,672,"x64",0,"","","6.2880"
"Standard_E96-24ads_v5",24,672,"x64",0,"","","6.2880"
"Standard_E64nds_v6",64,512,"x64",0,"","","6.2520"
"Standard_L80s_v2",80,640,"x64",0,"","","6.2400"
"Standard_L80as_v3",80,640,"x64",0,"","","6.2400"
"Standard_M48s_1_v3",48,974,"x64",0,"","","6.2300"
"Standard_M32ms",32,875,"x64",0,"","","6.1460"
"Standard_M32dms_v2",32,875,"x64",0,"","","6.1460"
"Standard_M32-8ms",8,875,"x64",0,"","","6.1460"
"Standard_M32-16ms",16,875,"x64",0,"","","6.1460"
"Standard_NC12s_v3",12,224,"x64",2,"NVIDIA Tesla V100",16,"6.1200"
"Standard_D128alds_v7",128,256,"x64",0,"","","6.0930"
"Standard_E96as_v4",96,672,"x64",0,"","","6.0480"
"Standard_E96a_v4",96,672,"x64",0,"","","6.0480"
"Standard_E96-48s_v5",48,672,"x64",0,"","","6.0480"
"Standard_E96-48as_v4",48,672,"x64",0,"","","6.0480"
"Standard_E96-24s_v5",24,672,"x64",0,"","","6.0480"
"Standard_E96-24as_v4",24,672,"x64",0,"","","6.0480"
"Standard_E96_v5",96,672,"x64",0,"","","6.0480"
"Standard_M32ms_v2",32,875,"x64",0,"","","6.0410"
"Standard_DC96eds_v6",96,384,"x64",0,"","","5.9800"
"Standard_D96ds_v6",96,384,"x64",0,"","","5.9800"
"Standard_EC96ias_v5",96,672,"x64",0,"","","5.9660"
"Standard_M64bds_v3",64,512,"x64",0,"","","5.8600"
"Standard_D128as_v7",128,512,"x64",0,"","","5.8110"
"Standard_E80ids_v4",80,504,"x64",0,"","","5.7600"
"Standard_F64ams_v7",64,512,"x64",0,"","","5.7280"
"Standard_F64ams_v6",64,512,"x64",0,"","","5.7280"
"Standard_F64-32ams_v7",32,512,"x64",0,"","","5.7280"
"Standard_F64-16ams_v7",16,512,"x64",0,"","","5.7280"
"Standard_F80alds_v7",80,160,"x64",0,"","","5.7240"
"Standard_EC96as_v6",96,672,"x64",0,"","","5.7220"
"Standard_E96as_v7",96,768,"x64",0,"","","5.7220"
"Standard_E96as_v6",96,672,"x64",0,"","","5.7220"
"Standard_E96-48as_v7",48,768,"x64",0,"","","5.7220"
"Standard_E96-24as_v7",24,768,"x64",0,"","","5.7220"
"Standard_D128ls_v6",128,256,"x64",0,"","","5.7130"
"Standard_D96ls_v7",96,192,"x64",0,"","","5.6230"
"Standard_M64bs_v3",64,512,"x64",0,"","","5.5800"
"Standard_E64ns_v6",64,512,"x64",0,"","","5.5790"
"Standard_L64s_v4",64,512,"x64",0,"","","5.5680"
"Standard_L64s_v3",64,512,"x64",0,"","","5.5680"
"Standard_E64s_v7",64,512,"x64",0,"","","5.5570"
"Standard_L64as_v4",64,512,"x64",0,"","","5.5040"
"Standard_NC144ds_xl_RTXPRO6000BSE_v6",144,516,"x64",1,"","","5.5000"
"Standard_F64ads_v7",64,256,"x64",0,"","","5.4880"
"Standard_DC96ads_v6",96,384,"x64",0,"","","5.4720"
"Standard_D96ads_v7",96,384,"x64",0,"","","5.4720"
"Standard_D96ads_v6",96,384,"x64",0,"","","5.4720"
"Standard_F80as_v7",80,320,"x64",0,"","","5.4640"
"Standard_D96nls_v6",96,192,"x64",0,"","","5.4430"
"Standard_EC96as_v5",96,672,"x64",0,"","","5.4240"
"Standard_EC96as_cc_v5",96,672,"x64",0,"","","5.4240"
"Standard_E96-48as_v5",48,672,"x64",0,"","","5.4240"
"Standard_DC48ds_v3",48,384,"x64",0,"","","5.4240"
"Standard_D96ds_v5",96,384,"x64",0,"","","5.4240"
"Standard_D96d_v5",96,384,"x64",0,"","","5.4240"
"Standard_M64ls",64,512,"x64",0,"","","5.4150"
"Standard_E64bds_v5",64,512,"x64",0,"","","5.3440"
"Standard_FX48ms_v2",48,1008,"x64",0,"","","5.3120"
"Standard_FX48-24ms_v2",24,1008,"x64",0,"","","5.3120"
"Standard_FX48-12ms_v2",12,1008,"x64",0,"","","5.3120"
"Standard_D96lds_v6",96,192,"x64",0,"","","5.2950"
"Standard_F48amds_v7",48,384,"x64",0,"","","5.2330"
"Standard_EC64eds_v6",64,512,"x64",0,"","","5.2330"
"Standard_E64ds_v6",64,512,"x64",0,"","","5.2330"
"Standard_E64-32ds_v6",32,512,"x64",0,"","","5.2330"
"Standard_E64-16ds_v6",16,512,"x64",0,"","","5.2330"
"Standard_D64ds_v7",64,256,"x64",0,"","","5.2210"
"Standard_D128als_v7",128,256,"x64",0,"","","5.1460"
"Standard_D64nds_v6",64,256,"x64",0,"","","5.0920"
"Standard_E80is_v4",80,504,"x64",0,"","","5.0400"
"Standard_L64s_v2",64,512,"x64",0,"","","4.9920"
"Standard_L64as_v3",64,512,"x64",0,"","","4.9920"
"Standard_E48ds_v7",48,384,"x64",0,"","","4.9900"
"Standard_DC96ads_v5",96,384,"x64",0,"","","4.9440"
"Standard_DC96ads_cc_v5",96,384,"x64",0,"","","4.9440"
"Standard_D96ads_v5",96,384,"x64",0,"","","4.9440"
"Standard_F80als_v7",80,160,"x64",0,"","","4.8400"
"Standard_DC96es_v6",96,384,"x64",0,"","","4.8380"
"Standard_D96s_v6",96,384,"x64",0,"","","4.8380"
"Standard_E64bs_v5",64,512,"x64",0,"","","4.7680"
"Standard_E48nds_v6",48,384,"x64",0,"","","4.6890"
"Standard_EC64ads_v6",64,512,"x64",0,"","","4.6460"
"Standard_E64ads_v7",64,512,"x64",0,"","","4.6460"
"Standard_E64ads_v6",64,512,"x64",0,"","","4.6460"
"Standard_E64-32ads_v7",32,512,"x64",0,"","","4.6460"
"Standard_E64-16ads_v7",16,512,"x64",0,"","","4.6460"
"Standard_E64ds_v5",64,512,"x64",0,"","","4.6080"
"Standard_E64ds_v4",64,504,"x64",0,"","","4.6080"
"Standard_E64d_v5",64,512,"x64",0,"","","4.6080"
"Standard_E64d_v4",64,504,"x64",0,"","","4.6080"
"Standard_E64-32ds_v5",32,512,"x64",0,"","","4.6080"
"Standard_E64-32ds_v4",32,504,"x64",0,"","","4.6080"
"Standard_E64-16ds_v5",16,512,"x64",0,"","","4.6080"
"Standard_E64-16ds_v4",16,504,"x64",0,"","","4.6080"
"Standard_DC48s_v3",48,384,"x64",0,"","","4.6080"
"Standard_D96s_v5",96,384,"x64",0,"","","4.6080"
"Standard_D96lds_v5",96,192,"x64",0,"","","4.6080"
"Standard_D96as_v4",96,384,"x64",0,"","","4.6080"
"Standard_D96a_v4",96,384,"x64",0,"","","4.6080"
"Standard_D96_v5",96,384,"x64",0,"","","4.6080"
"Standard_F64alds_v7",64,128,"x64",0,"","","4.5790"
"Standard_D96alds_v7",96,192,"x64",0,"","","4.5700"
"Standard_D96alds_v6",96,192,"x64",0,"","","4.5700"
"Standard_NV48s_v3",48,448,"x64",4,"NVIDIA Tesla M60 (16GB)",16,"4.5600"
"Standard_NV36adms_A10_v5",36,880,"x64",1,"NVIDIA A10",24,"4.5200"
"Standard_D64nlds_v6",64,128,"x64",0,"","","4.4820"
"Standard_FX48mds",48,1008,"x64",0,"","","4.4640"
"Standard_D64ns_v6",64,256,"x64",0,"","","4.4550"
"Standard_D64lds_v7",64,128,"x64",0,"","","4.4350"
"Standard_M48bds_v3",48,384,"x64",0,"","","4.3900"
"Standard_FX32mds_v2",32,672,"x64",0,"","","4.3770"
"Standard_FX32-8mds_v2",8,672,"x64",0,"","","4.3770"
"Standard_FX32-16mds_v2",16,672,"x64",0,"","","4.3770"
"Standard_F64as_v7",64,256,"x64",0,"","","4.3710"
"Standard_F64as_v6",64,256,"x64",0,"","","4.3710"
"Standard_DC96as_v6",96,384,"x64",0,"","","4.3580"
"Standard_D96as_v7",96,384,"x64",0,"","","4.3580"
"Standard_D96as_v6",96,384,"x64",0,"","","4.3580"
"Standard_NC64as_T4_v3",64,440,"x64",4,"NVIDIA T4",16,"4.3520"
"Standard_F48ams_v7",48,384,"x64",0,"","","4.2960"
"Standard_F48ams_v6",48,384,"x64",0,"","","4.2960"
"Standard_D96ls_v6",96,192,"x64",0,"","","4.2840"
"Standard_EC64es_v6",64,512,"x64",0,"","","4.2340"
"Standard_E64s_v6",64,512,"x64",0,"","","4.2340"
"Standard_E64-32s_v6",32,512,"x64",0,"","","4.2340"
"Standard_E64-16s_v6",16,512,"x64",0,"","","4.2340"
"Standard_D64s_v7",64,256,"x64",0,"","","4.2340"
"Standard_EC64ads_v5",64,512,"x64",0,"","","4.1920"
"Standard_EC64ads_cc_v5",64,512,"x64",0,"","","4.1920"
"Standard_E64-32ads_v5",32,512,"x64",0,"","","4.1920"
"Standard_E48ns_v6",48,384,"x64",0,"","","4.1840"
"Standard_M48bs_v3",48,384,"x64",0,"","","4.1800"
"Standard_L48s_v4",48,384,"x64",0,"","","4.1760"
"Standard_L48s_v3",48,384,"x64",0,"","","4.1760"
"Standard_E48s_v7",48,384,"x64",0,"","","4.1680"
"Standard_L48as_v4",48,384,"x64",0,"","","4.1280"
"Standard_DC96as_v5",96,384,"x64",0,"","","4.1280"
"Standard_DC96as_cc_v5",96,384,"x64",0,"","","4.1280"
"Standard_D96as_v5",96,384,"x64",0,"","","4.1280"
"Standard_F48ads_v7",48,192,"x64",0,"","","4.1160"
"Standard_D96ls_v5",96,192,"x64",0,"","","4.0800"
"Standard_E64s_v5",64,512,"x64",0,"","","4.0320"
"Standard_E64s_v4",64,504,"x64",0,"","","4.0320"
"Standard_E64as_v4",64,512,"x64",0,"","","4.0320"
"Standard_E64a_v4",64,512,"x64",0,"","","4.0320"
"Standard_E64-32s_v5",32,512,"x64",0,"","","4.0320"
"Standard_E64-32as_v4",32,512,"x64",0,"","","4.0320"
"Standard_E64-16s_v5",16,512,"x64",0,"","","4.0320"
"Standard_E64-16s_v4",16,504,"x64",0,"","","4.0320"
"Standard_E64-16as_v4",16,512,"x64",0,"","","4.0320"
"Standard_E64_v5",64,512,"x64",0,"","","4.0320"
"Standard_E64_v4",64,504,"x64",0,"","","4.0320"
"Standard_E48bds_v5",48,384,"x64",0,"","","4.0080"
"Standard_DC64eds_v6",64,256,"x64",0,"","","3.9870"
"Standard_D64ds_v6",64,256,"x64",0,"","","3.9870"
"Standard_EC48eds_v6",48,384,"x64",0,"","","3.9240"
"Standard_E48ds_v6",48,384,"x64",0,"","","3.9240"
"Standard_D48ds_v7",48,192,"x64",0,"","","3.9160"
"Standard_F64als_v7",64,128,"x64",0,"","","3.8720"
"Standard_F64als_v6",64,128,"x64",0,"","","3.8720"
"Standard_D96als_v7",96,192,"x64",0,"","","3.8590"
"Standard_D96als_v6",96,192,"x64",0,"","","3.8590"
"Standard_D48nds_v6",48,192,"x64",0,"","","3.8190"
"Standard_EC64as_v6",64,512,"x64",0,"","","3.8140"
"Standard_E64as_v7",64,512,"x64",0,"","","3.8140"
"Standard_E64as_v6",64,512,"x64",0,"","","3.8140"
"Standard_E64-32as_v7",32,512,"x64",0,"","","3.8140"
"Standard_E64-16as_v7",16,512,"x64",0,"","","3.8140"
"Standard_D64ls_v7",64,128,"x64",0,"","","3.7480"
"Standard_L48s_v2",48,384,"x64",0,"","","3.7440"
"Standard_L48as_v3",48,384,"x64",0,"","","3.7440"
"Standard_NC24ads_A100_v4",24,220,"x64",1,"NVIDIA A100",80,"3.6730"
"Standard_DC64ads_v6",64,256,"x64",0,"","","3.6480"
"Standard_D64ads_v7",64,256,"x64",0,"","","3.6480"
"Standard_D64ads_v6",64,256,"x64",0,"","","3.6480"
"Standard_E64s_v3",64,432,"x64",0,"","","3.6290"
"Standard_E64-32s_v3",32,432,"x64",0,"","","3.6290"
"Standard_E64-16s_v3",16,432,"x64",0,"","","3.6290"
"Standard_E64_v3",64,432,"x64",0,"","","3.6290"
"Standard_D64nls_v6",64,128,"x64",0,"","","3.6290"
"Standard_EC64as_v5",64,512,"x64",0,"","","3.6160"
"Standard_EC64as_cc_v5",64,512,"x64",0,"","","3.6160"
"Standard_E64-16as_v5",16,512,"x64",0,"","","3.6160"
"Standard_DC32ds_v3",32,256,"x64",0,"","","3.6160"
"Standard_D64ds_v5",64,256,"x64",0,"","","3.6160"
"Standard_D64ds_v4",64,256,"x64",0,"","","3.6160"
"Standard_D64d_v5",64,256,"x64",0,"","","3.6160"
"Standard_D64d_v4",64,256,"x64",0,"","","3.6160"
"Standard_HB120rs_v3",120,456,"x64",0,"","","3.6000"
"Standard_HB120rs_v2",120,456,"x64",0,"","","3.6000"
"Standard_HB120-96rs_v3",96,456,"x64",0,"","","3.6000"
"Standard_HB120-96rs_v2",96,456,"x64",0,"","","3.6000"
"Standard_HB120-64rs_v3",64,456,"x64",0,"","","3.6000"
"Standard_HB120-64rs_v2",64,456,"x64",0,"","","3.6000"
"Standard_HB120-32rs_v3",32,456,"x64",0,"","","3.6000"
"Standard_HB120-32rs_v2",32,456,"x64",0,"","","3.6000"
"Standard_HB120-16rs_v3",16,456,"x64",0,"","","3.6000"
"Standard_HB120-16rs_v2",16,456,"x64",0,"","","3.6000"
"Standard_E48bs_v5",48,384,"x64",0,"","","3.5760"
"Standard_FX32ms_v2",32,672,"x64",0,"","","3.5410"
"Standard_FX32-8ms_v2",8,672,"x64",0,"","","3.5410"
"Standard_FX32-16ms_v2",16,672,"x64",0,"","","3.5410"
"Standard_D64lds_v6",64,128,"x64",0,"","","3.5300"
"Standard_F32amds_v7",32,256,"x64",0,"","","3.4890"
"Standard_F32-8amds_v7",8,256,"x64",0,"","","3.4890"
"Standard_F32-16amds_v7",16,256,"x64",0,"","","3.4890"
"Standard_EC48ads_v6",48,384,"x64",0,"","","3.4850"
"Standard_E48ads_v7",48,384,"x64",0,"","","3.4850"
"Standard_E48ads_v6",48,384,"x64",0,"","","3.4850"
"Standard_E48ds_v5",48,384,"x64",0,"","","3.4560"
"Standard_E48ds_v4",48,384,"x64",0,"","","3.4560"
"Standard_E48d_v5",48,384,"x64",0,"","","3.4560"
"Standard_E48d_v4",48,384,"x64",0,"","","3.4560"
"Standard_F48alds_v7",48,96,"x64",0,"","","3.4340"
"Standard_D48nlds_v6",48,96,"x64",0,"","","3.3610"
"Standard_FX36mds",36,756,"x64",0,"","","3.3480"
"Standard_D48ns_v6",48,192,"x64",0,"","","3.3420"
"Standard_E32ds_v7",32,256,"x64",0,"","","3.3260"
"Standard_D48lds_v7",48,96,"x64",0,"","","3.3260"
"Standard_NP20s",20,336,"x64",2,"AMD Alveo U250 FPGA (64GB)",64,"3.3000"
"Standard_DC64ads_v5",64,256,"x64",0,"","","3.2960"
"Standard_D64ads_v5",64,256,"x64",0,"","","3.2960"
"Standard_FX24mds_v2",24,504,"x64",0,"","","3.2820"
"Standard_FX24-6mds_v2",6,504,"x64",0,"","","3.2820"
"Standard_FX24-12mds_v2",12,504,"x64",0,"","","3.2820"
"Standard_E32as_v5",32,256,"x64",0,"","","3.2800"
"Standard_E32-16as_v5",16,256,"x64",0,"","","3.2800"
"Standard_F48as_v7",48,192,"x64",0,"","","3.2780"
"Standard_F48as_v6",48,192,"x64",0,"","","3.2780"
"Standard_M24ds_v3",24,480,"x64",0,"","","3.2600"
"Standard_DC64es_v6",64,256,"x64",0,"","","3.2260"
"Standard_D64s_v6",64,256,"x64",0,"","","3.2260"
"Standard_EC48es_v6",48,384,"x64",0,"","","3.1750"
"Standard_E48s_v6",48,384,"x64",0,"","","3.1750"
"Standard_D48s_v7",48,192,"x64",0,"","","3.1750"
"Standard_HC44rs",44,352,"x64",0,"","","3.1680"
"Standard_HC44-32rs",32,352,"x64",0,"","","3.1680"
"Standard_HC44-16rs",16,352,"x64",0,"","","3.1680"
"Standard_EC48ads_v5",48,384,"x64",0,"","","3.1440"
"Standard_EC48ads_cc_v5",48,384,"x64",0,"","","3.1440"
"Standard_E48ads_v5",48,384,"x64",0,"","","3.1440"
"Standard_E32nds_v6",32,256,"x64",0,"","","3.1260"
"Standard_M16ms",16,437.5,"x64",0,"","","3.0730"
"Standard_M16-8ms",8,437.5,"x64",0,"","","3.0730"
"Standard_M16-4ms",4,437.5,"x64",0,"","","3.0730"
"Standard_DC32s_v3",32,256,"x64",0,"","","3.0720"
"Standard_D64s_v5",64,256,"x64",0,"","","3.0720"
"Standard_D64s_v4",64,256,"x64",0,"","","3.0720"
"Standard_D64s_v3",64,256,"x64",0,"","","3.0720"
"Standard_D64lds_v5",64,128,"x64",0,"","","3.0720"
"Standard_D64as_v4",64,256,"x64",0,"","","3.0720"
"Standard_D64a_v4",64,256,"x64",0,"","","3.0720"
"Standard_D64_v5",64,256,"x64",0,"","","3.0720"
"Standard_D64_v4",64,256,"x64",0,"","","3.0720"
"Standard_D64_v3",64,256,"x64",0,"","","3.0720"
"Standard_M24s_v3",24,480,"x64",0,"","","3.0700"
"Standard_NC6s_v3",6,112,"x64",1,"NVIDIA Tesla V100",16,"3.0600"
"Standard_D64alds_v7",64,128,"x64",0,"","","3.0460"
"Standard_D64alds_v6",64,128,"x64",0,"","","3.0460"
"Standard_F72s_v2",72,144,"x64",0,"","","3.0450"
"Standard_E48s_v5",48,384,"x64",0,"","","3.0240"
"Standard_E48s_v4",48,384,"x64",0,"","","3.0240"
"Standard_E48s_v3",48,384,"x64",0,"","","3.0240"
"Standard_E48as_v4",48,384,"x64",0,"","","3.0240"
"Standard_E48a_v4",48,384,"x64",0,"","","3.0240"
"Standard_E48_v5",48,384,"x64",0,"","","3.0240"
"Standard_E48_v4",48,384,"x64",0,"","","3.0240"
"Standard_E48_v3",48,384,"x64",0,"","","3.0240"
"Standard_DC48eds_v6",48,192,"x64",0,"","","2.9900"
"Standard_D48ds_v6",48,192,"x64",0,"","","2.9900"
"Standard_M32bds_v3",32,256,"x64",0,"","","2.9300"
"Standard_DC64as_v6",64,256,"x64",0,"","","2.9060"
"Standard_D64as_v7",64,256,"x64",0,"","","2.9060"
"Standard_D64as_v6",64,256,"x64",0,"","","2.9060"
"Standard_F48als_v7",48,96,"x64",0,"","","2.9040"
"Standard_F48als_v6",48,96,"x64",0,"","","2.9040"
"Standard_M32ls",32,256,"x64",0,"","","2.8730"
"Standard_F32ams_v7",32,256,"x64",0,"","","2.8640"
"Standard_F32ams_v6",32,256,"x64",0,"","","2.8640"
"Standard_F32-8ams_v7",8,256,"x64",0,"","","2.8640"
"Standard_F32-16ams_v7",16,256,"x64",0,"","","2.8640"
"Standard_EC48as_v6",48,384,"x64",0,"","","2.8610"
"Standard_E48as_v6",48,384,"x64",0,"","","2.8610"
"Standard_D64ls_v6",64,128,"x64",0,"","","2.8560"
"Standard_NC72ds_xl_RTXPRO6000BSE_v6",72,264,"x64",1,"","","2.8300"
"Standard_D48ls_v7",48,96,"x64",0,"","","2.8110"
"Standard_M32bs_v3",32,256,"x64",0,"","","2.7900"
"Standard_E32ns_v6",32,256,"x64",0,"","","2.7890"
"Standard_L32s_v4",32,256,"x64",0,"","","2.7840"
"Standard_L32s_v3",32,256,"x64",0,"","","2.7840"
"Standard_E32s_v7",32,256,"x64",0,"","","2.7790"
"Standard_L32as_v4",32,256,"x64",0,"","","2.7520"
"Standard_DC64as_v5",64,256,"x64",0,"","","2.7520"
"Standard_DC64as_cc_v5",64,256,"x64",0,"","","2.7520"
"Standard_D64as_v5",64,256,"x64",0,"","","2.7520"
"Standard_F32ads_v7",32,128,"x64",0,"","","2.7440"
"Standard_DC48ads_v6",48,192,"x64",0,"","","2.7360"
"Standard_D48ads_v7",48,192,"x64",0,"","","2.7360"
"Standard_D48ads_v6",48,192,"x64",0,"","","2.7360"
"Standard_D48nls_v6",48,96,"x64",0,"","","2.7220"
"Standard_D64ls_v5",64,128,"x64",0,"","","2.7200"
"Standard_L24aos_v4",24,192,"x64",0,"","","2.7120"
"Standard_EC48as_v5",48,384,"x64",0,"","","2.7120"
"Standard_EC48as_cc_v5",48,384,"x64",0,"","","2.7120"
"Standard_E48as_v5",48,384,"x64",0,"","","2.7120"
"Standard_DC24ds_v3",24,192,"x64",0,"","","2.7120"
"Standard_D48ds_v5",48,192,"x64",0,"","","2.7120"
"Standard_D48ds_v4",48,192,"x64",0,"","","2.7120"
"Standard_D48d_v5",48,192,"x64",0,"","","2.7120"
"Standard_D48d_v4",48,192,"x64",0,"","","2.7120"
"Standard_M32ts",32,192,"x64",0,"","","2.7070"
"Standard_F64s_v2",64,128,"x64",0,"","","2.7060"
"Standard_E32bds_v5",32,256,"x64",0,"","","2.6720"
"Standard_FX24-6ms_v2",6,504,"x64",0,"","","2.6560"
"Standard_FX24-12ms_v2",12,504,"x64",0,"","","2.6560"
"Standard_D48lds_v6",48,96,"x64",0,"","","2.6480"
"Standard_EC32eds_v6",32,256,"x64",0,"","","2.6160"
"Standard_E32ds_v6",32,256,"x64",0,"","","2.6160"
"Standard_E32-8ds_v6",8,256,"x64",0,"","","2.6160"
"Standard_E32-16ds_v6",16,256,"x64",0,"","","2.6160"
"Standard_D32ds_v7",32,128,"x64",0,"","","2.6110"
"Standard_D64als_v7",64,128,"x64",0,"","","2.5730"
"Standard_D64als_v6",64,128,"x64",0,"","","2.5730"
"Standard_D32nds_v6",32,128,"x64",0,"","","2.5460"
"Standard_L32s_v2",32,256,"x64",0,"","","2.4960"
"Standard_L32as_v3",32,256,"x64",0,"","","2.4960"
"Standard_DC48ads_v5",48,192,"x64",0,"","","2.4720"
"Standard_DC48ads_cc_v5",48,192,"x64",0,"","","2.4720"
"Standard_D48ads_v5",48,192,"x64",0,"","","2.4720"
"Standard_NC72lds_xl_RTXPRO6000BSE_v6",72,132,"x64",1,"","","2.4400"
"Standard_DC48es_v6",48,192,"x64",0,"","","2.4190"
"Standard_D48s_v6",48,192,"x64",0,"","","2.4190"
"Standard_NV28adms_V710_v5",28,160,"x64",0,"","","2.4000"
"Standard_E32bs_v5",32,256,"x64",0,"","","2.3840"
"Standard_EC32ads_v6",32,256,"x64",0,"","","2.3230"
"Standard_E32ads_v7",32,256,"x64",0,"","","2.3230"
"Standard_E32ads_v6",32,256,"x64",0,"","","2.3230"
"Standard_E32-8ads_v7",8,256,"x64",0,"","","2.3230"
"Standard_E32-16ads_v7",16,256,"x64",0,"","","2.3230"
"Standard_E32ds_v5",32,256,"x64",0,"","","2.3040"
"Standard_E32ds_v4",32,256,"x64",0,"","","2.3040"
"Standard_E32d_v5",32,256,"x64",0,"","","2.3040"
"Standard_E32d_v4",32,256,"x64",0,"","","2.3040"
"Standard_E32-8ds_v5",8,256,"x64",0,"","","2.3040"
"Standard_E32-8ds_v4",8,256,"x64",0,"","","2.3040"
"Standard_E32-16ds_v5",16,256,"x64",0,"","","2.3040"
"Standard_E32-16ds_v4",16,256,"x64",0,"","","2.3040"
"Standard_DC24s_v3",24,192,"x64",0,"","","2.3040"
"Standard_D48s_v5",48,192,"x64",0,"","","2.3040"
"Standard_D48s_v4",48,192,"x64",0,"","","2.3040"
"Standard_D48s_v3",48,192,"x64",0,"","","2.3040"
"Standard_D48lds_v5",48,96,"x64",0,"","","2.3040"
"Standard_D48as_v4",48,192,"x64",0,"","","2.3040"
"Standard_D48a_v4",48,192,"x64",0,"","","2.3040"
"Standard_D48_v5",48,192,"x64",0,"","","2.3040"
"Standard_D48_v4",48,192,"x64",0,"","","2.3040"
"Standard_D48_v3",48,192,"x64",0,"","","2.3040"
"Standard_F32alds_v7",32,64,"x64",0,"","","2.2900"
"Standard_D48alds_v7",48,96,"x64",0,"","","2.2850"
"Standard_D48alds_v6",48,96,"x64",0,"","","2.2850"
"Standard_NV24s_v3",24,224,"x64",2,"NVIDIA Tesla M60 (16GB)",16,"2.2800"
"Standard_D32nlds_v6",32,64,"x64",0,"","","2.2410"
"Standard_FX24mds",24,504,"x64",0,"","","2.2320"
"Standard_D32ns_v6",32,128,"x64",0,"","","2.2280"
"Standard_D32lds_v7",32,64,"x64",0,"","","2.2180"
"Standard_FX16mds_v2",16,336,"x64",0,"","","2.1880"
"Standard_FX16-8mds_v2",8,336,"x64",0,"","","2.1880"
"Standard_FX16-4mds_v2",4,336,"x64",0,"","","2.1880"
"Standard_F32as_v7",32,128,"x64",0,"","","2.1860"
"Standard_F32as_v6",32,128,"x64",0,"","","2.1860"
"Standard_DC48as_v6",48,192,"x64",0,"","","2.1790"
"Standard_D48as_v7",48,192,"x64",0,"","","2.1790"
"Standard_D48as_v6",48,192,"x64",0,"","","2.1790"
"Standard_D48ls_v6",48,96,"x64",0,"","","2.1420"
"Standard_EC32es_v6",32,256,"x64",0,"","","2.1170"
"Standard_E32s_v6",32,256,"x64",0,"","","2.1170"
"Standard_E32-8s_v6",8,256,"x64",0,"","","2.1170"
"Standard_D32s_v7",32,128,"x64",0,"","","2.1170"
"Standard_EC32ads_v5",32,192,"x64",0,"","","2.0960"
"Standard_EC32ads_cc_v5",32,192,"x64",0,"","","2.0960"
"Standard_E32ads_v5",32,256,"x64",0,"","","2.0960"
"Standard_E32-8ads_v5",8,256,"x64",0,"","","2.0960"
"Standard_E32-16ads_v5",16,256,"x64",0,"","","2.0960"
"Standard_E20ds_v7",20,160,"x64",0,"","","2.0790"
"Standard_DC48as_v5",48,192,"x64",0,"","","2.0640"
"Standard_DC48as_cc_v5",48,192,"x64",0,"","","2.0640"
"Standard_D48as_v5",48,192,"x64",0,"","","2.0640"
"Standard_D48ls_v5",48,96,"x64",0,"","","2.0400"
"Standard_F48s_v2",48,96,"x64",0,"","","2.0300"
"Standard_E32s_v5",32,256,"x64",0,"","","2.0160"
"Standard_E32s_v4",32,256,"x64",0,"","","2.0160"
"Standard_E32s_v3",32,256,"x64",0,"","","2.0160"
"Standard_E32as_v4",32,256,"x64",0,"","","2.0160"
"Standard_E32a_v4",32,256,"x64",0,"","","2.0160"
"Standard_E32-8s_v4",8,256,"x64",0,"","","2.0160"
"Standard_E32-8s_v3",8,256,"x64",0,"","","2.0160"
"Standard_E32-8as_v4",8,256,"x64",0,"","","2.0160"
"Standard_E32-16s_v5",16,256,"x64",0,"","","2.0160"
"Standard_E32-16s_v4",16,256,"x64",0,"","","2.0160"
"Standard_E32-16s_v3",16,256,"x64",0,"","","2.0160"
"Standard_E32-16as_v4",16,256,"x64",0,"","","2.0160"
"Standard_E32_v5",32,256,"x64",0,"","","2.0160"
"Standard_E32_v4",32,256,"x64",0,"","","2.0160"
"Standard_E32_v3",32,256,"x64",0,"","","2.0160"
"Standard_NV24ads_V710_v5",24,128,"x64",0,"","","2.0000"
"Standard_DC32eds_v6",32,128,"x64",0,"","","1.9930"
"Standard_D32ds_v6",32,128,"x64",0,"","","1.9930"
"Standard_F32als_v7",32,64,"x64",0,"","","1.9360"
"Standard_F32als_v6",32,64,"x64",0,"","","1.9360"
"Standard_D48als_v7",48,96,"x64",0,"","","1.9300"
"Standard_D48als_v6",48,96,"x64",0,"","","1.9300"
"Standard_EC32as_v6",32,256,"x64",0,"","","1.9070"
"Standard_E32as_v7",32,256,"x64",0,"","","1.9070"
"Standard_E32as_v6",32,256,"x64",0,"","","1.9070"
"Standard_E32-8as_v7",8,256,"x64",0,"","","1.9070"
"Standard_E32-16as_v7",16,256,"x64",0,"","","1.9070"
"Standard_D32ls_v7",32,64,"x64",0,"","","1.8740"
"Standard_NV32as_v4",32,112,"x64",1,"AMD Radeon Instinct MI25",16,"1.8640"
"Standard_DS15_v2",20,140,"x64",0,"","","1.8530"
"Standard_D15_v2",20,140,"x64",0,"","","1.8530"
"Standard_DC32ads_v6",32,128,"x64",0,"","","1.8240"
"Standard_D32ads_v7",32,128,"x64",0,"","","1.8240"
"Standard_D32ads_v6",32,128,"x64",0,"","","1.8240"
"Standard_D32nls_v6",32,64,"x64",0,"","","1.8140"
"Standard_L16aos_v4",16,128,"x64",0,"","","1.8080"
"Standard_EC32as_v5",32,192,"x64",0,"","","1.8080"
"Standard_EC32as_cc_v5",32,192,"x64",0,"","","1.8080"
"Standard_E32-8as_v5",8,256,"x64",0,"","","1.8080"
"Standard_DC16ds_v3",16,128,"x64",0,"","","1.8080"
"Standard_D32ds_v5",32,128,"x64",0,"","","1.8080"
"Standard_D32ds_v4",32,128,"x64",0,"","","1.8080"
"Standard_D32d_v5",32,128,"x64",0,"","","1.8080"
"Standard_D32d_v4",32,128,"x64",0,"","","1.8080"
"Standard_E16-8ads_v5",8,128,"x64",0,"","","1.7840"
"Standard_FX16ms_v2",16,336,"x64",0,"","","1.7710"
"Standard_FX16-8ms_v2",8,336,"x64",0,"","","1.7710"
"Standard_FX16-4ms_v2",4,336,"x64",0,"","","1.7710"
"Standard_D32lds_v6",32,64,"x64",0,"","","1.7650"
"Standard_F16amds_v7",16,128,"x64",0,"","","1.7440"
"Standard_F16-8amds_v7",8,128,"x64",0,"","","1.7440"
"Standard_F16-4amds_v7",4,128,"x64",0,"","","1.7440"
"Standard_E20s_v7",20,160,"x64",0,"","","1.7370"
"Standard_E16ds_v7",16,128,"x64",0,"","","1.6630"
"Standard_NP10s",10,168,"x64",1,"AMD Alveo U250 FPGA (64GB)",64,"1.6500"
"Standard_DC32ads_v5",32,128,"x64",0,"","","1.6480"
"Standard_DC32ads_cc_v5",32,128,"x64",0,"","","1.6480"
"Standard_D32ads_v5",32,128,"x64",0,"","","1.6480"
"Standard_FX12mds_v2",12,252,"x64",0,"","","1.6410"
"Standard_FX12-6mds_v2",6,252,"x64",0,"","","1.6410"
"Standard_E20ds_v6",20,160,"x64",0,"","","1.6350"
"Standard_M12ds_v3",12,240,"x64",0,"","","1.6300"
"Standard_DC32es_v6",32,128,"x64",0,"","","1.6130"
"Standard_D32s_v6",32,128,"x64",0,"","","1.6130"
"Standard_NV18ads_A10_v5",18,220,"x64",1,"NVIDIA A10 (24GB)",24,"1.6000"
"Standard_E16nds_v6",16,128,"x64",0,"","","1.5630"
"Standard_DS14",16,112,"x64",0,"","","1.5420"
"Standard_D14",16,112,"x64",0,"","","1.5420"
"Standard_M12s_v3",12,240,"x64",0,"","","1.5400"
"Standard_M8ms",8,218.75,"x64",0,"","","1.5365"
"Standard_M8-4ms",4,218.75,"x64",0,"","","1.5365"
"Standard_M8-2ms",2,218.75,"x64",0,"","","1.5365"
"Standard_DC16s_v3",16,128,"x64",0,"","","1.5360"
"Standard_D32s_v5",32,128,"x64",0,"","","1.5360"
"Standard_D32s_v4",32,128,"x64",0,"","","1.5360"
"Standard_D32s_v3",32,128,"x64",0,"","","1.5360"
"Standard_D32lds_v5",32,64,"x64",0,"","","1.5360"
"Standard_D32as_v4",32,128,"x64",0,"","","1.5360"
"Standard_D32a_v4",32,128,"x64",0,"","","1.5360"
"Standard_D32_v5",32,128,"x64",0,"","","1.5360"
"Standard_D32_v4",32,128,"x64",0,"","","1.5360"
"Standard_D32_v3",32,128,"x64",0,"","","1.5360"
"Standard_D32alds_v7",32,64,"x64",0,"","","1.5230"
"Standard_D32alds_v6",32,64,"x64",0,"","","1.5230"
"Standard_DS14-8_v2",8,112,"x64",0,"","","1.4820"
"Standard_DS14-4_v2",4,112,"x64",0,"","","1.4820"
"Standard_DS14_v2",16,112,"x64",0,"","","1.4820"
"Standard_D14_v2",16,112,"x64",0,"","","1.4820"
"Standard_DC32as_v6",32,128,"x64",0,"","","1.4530"
"Standard_D32as_v7",32,128,"x64",0,"","","1.4530"
"Standard_D32as_v6",32,128,"x64",0,"","","1.4530"
"Standard_E20ads_v6",20,160,"x64",0,"","","1.4520"
"Standard_NC36ds_xl_RTXPRO6000BSE_v6",36,132,"x64",1,"","","1.4420"
"Standard_E20ds_v5",20,160,"x64",0,"","","1.4400"
"Standard_E20ds_v4",20,160,"x64",0,"","","1.4400"
"Standard_E20d_v5",20,160,"x64",0,"","","1.4400"
"Standard_E20d_v4",20,160,"x64",0,"","","1.4400"
"Standard_F16ams_v7",16,128,"x64",0,"","","1.4320"
"Standard_F16ams_v6",16,128,"x64",0,"","","1.4320"
"Standard_F16-8ams_v7",8,128,"x64",0,"","","1.4320"
"Standard_F16-4ams_v7",4,128,"x64",0,"","","1.4320"
"Standard_M16bs_v3",16,128,"x64",0,"","","1.4000"
"Standard_E16ns_v6",16,128,"x64",0,"","","1.3950"
"Standard_L16s_v4",16,128,"x64",0,"","","1.3920"
"Standard_L16s_v3",16,128,"x64",0,"","","1.3920"
"Standard_E16s_v7",16,128,"x64",0,"","","1.3890"
"Standard_L16as_v4",16,128,"x64",0,"","","1.3760"
"Standard_DC32as_v5",32,128,"x64",0,"","","1.3760"
"Standard_DC32as_cc_v5",32,128,"x64",0,"","","1.3760"
"Standard_D32as_v5",32,128,"x64",0,"","","1.3760"
"Standard_F16ads_v7",16,64,"x64",0,"","","1.3720"
"Standard_D32ls_v5",32,64,"x64",0,"","","1.3600"
"Standard_L12aos_v4",12,96,"x64",0,"","","1.3560"
"Standard_F32s_v2",32,64,"x64",0,"","","1.3530"
"Standard_E16bds_v5",16,128,"x64",0,"","","1.3360"
"Standard_B32s_v2",32,128,"x64",0,"","","1.3310"
"Standard_FX12ms_v2",12,252,"x64",0,"","","1.3280"
"Standard_FX12-6ms_v2",6,252,"x64",0,"","","1.3280"
"Standard_E20s_v6",20,160,"x64",0,"","","1.3230"
"Standard_EC20ads_v5",20,160,"x64",0,"","","1.3100"
"Standard_EC20ads_cc_v5",20,160,"x64",0,"","","1.3100"
"Standard_E20ads_v5",20,160,"x64",0,"","","1.3100"
"Standard_EC16eds_v6",16,128,"x64",0,"","","1.3080"
"Standard_E16ds_v6",16,128,"x64",0,"","","1.3080"
"Standard_E16-8ds_v6",8,128,"x64",0,"","","1.3080"
"Standard_E16-4ds_v6",4,128,"x64",0,"","","1.3080"
"Standard_D16ds_v7",16,64,"x64",0,"","","1.3050"
"Standard_D32als_v7",32,64,"x64",0,"","","1.2860"
"Standard_D32als_v6",32,64,"x64",0,"","","1.2860"
"Standard_D16nds_v6",16,64,"x64",0,"","","1.2730"
"Standard_E20s_v5",20,160,"x64",0,"","","1.2600"
"Standard_E20s_v4",20,160,"x64",0,"","","1.2600"
"Standard_E20s_v3",20,160,"x64",0,"","","1.2600"
"Standard_E20as_v4",20,160,"x64",0,"","","1.2600"
"Standard_E20a_v4",20,160,"x64",0,"","","1.2600"
"Standard_E20_v5",20,160,"x64",0,"","","1.2600"
"Standard_E20_v4",20,160,"x64",0,"","","1.2600"
"Standard_E20_v3",20,160,"x64",0,"","","1.2600"
"Standard_L16s_v2",16,128,"x64",0,"","","1.2480"
"Standard_L16as_v3",16,128,"x64",0,"","","1.2480"
"Standard_NC36lds_xl_RTXPRO6000BSE_v6",36,72,"x64",1,"","","1.2430"
"Standard_NC16as_T4_v3",16,110,"x64",1,"NVIDIA T4",16,"1.2040"
"Standard_B32as_v2",32,128,"x64",0,"","","1.2030"
"Standard_E20as_v6",20,160,"x64",0,"","","1.1920"
"Standard_E16bs_v5",16,128,"x64",0,"","","1.1920"
"Standard_B32ls_v2",32,64,"x64",0,"","","1.1790"
"Standard_DS5_v2",16,56,"x64",0,"","","1.1700"
"Standard_D5_v2",16,56,"x64",0,"","","1.1700"
"Standard_EC16ads_v6",16,128,"x64",0,"","","1.1620"
"Standard_E16ads_v7",16,128,"x64",0,"","","1.1620"
"Standard_E16ads_v6",16,128,"x64",0,"","","1.1620"
"Standard_E16-8ads_v7",8,128,"x64",0,"","","1.1620"
"Standard_E16-4ads_v7",4,128,"x64",0,"","","1.1620"
"Standard_E16ds_v5",16,128,"x64",0,"","","1.1520"
"Standard_E16ds_v4",16,128,"x64",0,"","","1.1520"
"Standard_E16d_v5",16,128,"x64",0,"","","1.1520"
"Standard_E16d_v4",16,128,"x64",0,"","","1.1520"
"Standard_E16-8ds_v5",8,128,"x64",0,"","","1.1520"
"Standard_E16-8ds_v4",8,128,"x64",0,"","","1.1520"
"Standard_E16-4ds_v5",4,128,"x64",0,"","","1.1520"
"Standard_E16-4ds_v4",4,128,"x64",0,"","","1.1520"
"Standard_F16alds_v7",16,32,"x64",0,"","","1.1450"
"Standard_NV12s_v3",12,112,"x64",1,"NVIDIA Tesla M60 (16GB)",16,"1.1400"
"Standard_NC24lds_xl_RTXPRO6000BSE_v6",24,72,"x64",1,"","","1.1300"
"Standard_EC20as_v5",20,160,"x64",0,"","","1.1300"
"Standard_EC20as_cc_v5",20,160,"x64",0,"","","1.1300"
"Standard_E20as_v5",20,160,"x64",0,"","","1.1300"
"Standard_D16nlds_v6",16,32,"x64",0,"","","1.1200"
"Standard_FX12mds",12,252,"x64",0,"","","1.1160"
"Standard_D16ns_v6",16,64,"x64",0,"","","1.1140"
"Standard_D16lds_v7",16,32,"x64",0,"","","1.1090"
"Standard_GS2",4,56,"x64",0,"","","1.1000"
"Standard_G2",4,56,"x64",0,"","","1.1000"
"Standard_FX8mds_v2",8,168,"x64",0,"","","1.0940"
"Standard_FX8-4mds_v2",4,168,"x64",0,"","","1.0940"
"Standard_FX8-2mds_v2",2,168,"x64",0,"","","1.0940"
"Standard_F16as_v7",16,64,"x64",0,"","","1.0930"
"Standard_F16as_v6",16,64,"x64",0,"","","1.0930"
"Standard_B32als_v2",32,64,"x64",0,"","","1.0650"
"Standard_EC16es_v6",16,128,"x64",0,"","","1.0580"
"Standard_E16s_v6",16,128,"x64",0,"","","1.0580"
"Standard_E16-8s_v6",8,128,"x64",0,"","","1.0580"
"Standard_E16-4s_v6",4,128,"x64",0,"","","1.0580"
"Standard_D16s_v7",16,64,"x64",0,"","","1.0580"
"Standard_EC16ads_v5",16,128,"x64",0,"","","1.0480"
"Standard_EC16ads_cc_v5",16,128,"x64",0,"","","1.0480"
"Standard_E16ads_v5",16,128,"x64",0,"","","1.0480"
"Standard_E16-4ads_v5",4,128,"x64",0,"","","1.0480"
"Standard_E16s_v5",16,128,"x64",0,"","","1.0080"
"Standard_E16s_v4",16,128,"x64",0,"","","1.0080"
"Standard_E16s_v3",16,128,"x64",0,"","","1.0080"
"Standard_E16as_v4",16,128,"x64",0,"","","1.0080"
"Standard_E16a_v4",16,128,"x64",0,"","","1.0080"
"Standard_E16-8s_v5",8,128,"x64",0,"","","1.0080"
"Standard_E16-8s_v4",8,128,"x64",0,"","","1.0080"
"Standard_E16-8s_v3",8,128,"x64",0,"","","1.0080"
"Standard_E16-8as_v4",8,128,"x64",0,"","","1.0080"
"Standard_E16-4s_v5",4,128,"x64",0,"","","1.0080"
"Standard_E16-4s_v4",4,128,"x64",0,"","","1.0080"
"Standard_E16-4s_v3",4,128,"x64",0,"","","1.0080"
"Standard_E16-4as_v4",4,128,"x64",0,"","","1.0080"
"Standard_E16_v5",16,128,"x64",0,"","","1.0080"
"Standard_E16_v4",16,128,"x64",0,"","","1.0080"
"Standard_E16_v3",16,128,"x64",0,"","","1.0080"
"Standard_NV12ads_V710_v5",12,64,"x64",0,"","","1.0000"
"Standard_DC16eds_v6",16,64,"x64",0,"","","0.9970"
"Standard_D16ds_v6",16,64,"x64",0,"","","0.9970"
"Standard_F16als_v7",16,32,"x64",0,"","","0.9680"
"Standard_F16als_v6",16,32,"x64",0,"","","0.9680"
"Standard_EC16as_v6",16,128,"x64",0,"","","0.9540"
"Standard_E16as_v7",16,128,"x64",0,"","","0.9540"
"Standard_E16as_v6",16,128,"x64",0,"","","0.9540"
"Standard_E16-8as_v7",8,128,"x64",0,"","","0.9540"
"Standard_E16-4as_v7",4,128,"x64",0,"","","0.9540"
"Standard_D16ls_v7",16,32,"x64",0,"","","0.9370"
"Standard_NV16as_v4",16,56,"x64",1,"AMD Radeon Instinct MI25",16,"0.9320"
"Standard_DC16ads_v6",16,64,"x64",0,"","","0.9120"
"Standard_D16ads_v7",16,64,"x64",0,"","","0.9120"
"Standard_D16ads_v6",16,64,"x64",0,"","","0.9120"
"Standard_NV12ads_A10_v5",12,110,"x64",1,"NVIDIA A10 (24GB)",24,"0.9080"
"Standard_D16nls_v6",16,32,"x64",0,"","","0.9070"
"Standard_L8aos_v4",8,64,"x64",0,"","","0.9040"
"Standard_EC16as_v5",16,128,"x64",0,"","","0.9040"
"Standard_EC16as_cc_v5",16,128,"x64",0,"","","0.9040"
"Standard_E16as_v5",16,128,"x64",0,"","","0.9040"
"Standard_E16-8as_v5",8,128,"x64",0,"","","0.9040"
"Standard_E16-4as_v5",4,128,"x64",0,"","","0.9040"
"Standard_DC8ds_v3",8,64,"x64",0,"","","0.9040"
"Standard_D16ds_v5",16,64,"x64",0,"","","0.9040"
"Standard_D16ds_v4",16,64,"x64",0,"","","0.9040"
"Standard_D16d_v5",16,64,"x64",0,"","","0.9040"
"Standard_D16d_v4",16,64,"x64",0,"","","0.9040"
"Standard_E8-4ads_v5",4,64,"x64",0,"","","0.8920"
"Standard_FX8ms_v2",8,168,"x64",0,"","","0.8850"
"Standard_FX8-4ms_v2",4,168,"x64",0,"","","0.8850"
"Standard_FX8-2ms_v2",2,168,"x64",0,"","","0.8850"
"Standard_D16lds_v6",16,32,"x64",0,"","","0.8830"
"Standard_F8amds_v7",8,64,"x64",0,"","","0.8720"
"Standard_F8-4amds_v7",4,64,"x64",0,"","","0.8720"
"Standard_F8-2amds_v7",2,64,"x64",0,"","","0.8720"
"Standard_E8ds_v7",8,64,"x64",0,"","","0.8320"
"Standard_B20ms",20,80,"x64",0,"","","0.8320"
"Standard_PB6s",6,112,"x64",0,"","","0.8300"
"Standard_DC16ads_v5",16,64,"x64",0,"","","0.8240"
"Standard_DC16ads_cc_v5",16,64,"x64",0,"","","0.8240"
"Standard_D16ads_v5",16,64,"x64",0,"","","0.8240"
"Standard_E8as_v5",8,64,"x64",0,"","","0.8200"
"Standard_E8-4as_v5",4,64,"x64",0,"","","0.8200"
"Standard_E8-2as_v5",2,64,"x64",0,"","","0.8200"
"Standard_DC16es_v6",16,64,"x64",0,"","","0.8060"
"Standard_D16s_v6",16,64,"x64",0,"","","0.8060"
"Standard_F16s",16,32,"x64",0,"","","0.7960"
"Standard_F16",16,32,"x64",0,"","","0.7960"
"Standard_E8nds_v6",8,64,"x64",0,"","","0.7820"
"Standard_DS13",8,56,"x64",0,"","","0.7710"
"Standard_D13",8,56,"x64",0,"","","0.7710"
"Standard_DC8s_v3",8,64,"x64",0,"","","0.7680"
"Standard_DC8_v2",8,32,"x64",0,"","","0.7680"
"Standard_D16s_v5",16,64,"x64",0,"","","0.7680"
"Standard_D16s_v4",16,64,"x64",0,"","","0.7680"
"Standard_D16s_v3",16,64,"x64",0,"","","0.7680"
"Standard_D16lds_v5",16,32,"x64",0,"","","0.7680"
"Standard_D16as_v4",16,64,"x64",0,"","","0.7680"
"Standard_D16a_v4",16,64,"x64",0,"","","0.7680"
"Standard_D16_v5",16,64,"x64",0,"","","0.7680"
"Standard_D16_v4",16,64,"x64",0,"","","0.7680"
"Standard_D16_v3",16,64,"x64",0,"","","0.7680"
"Standard_D16alds_v7",16,32,"x64",0,"","","0.7620"
"Standard_D16alds_v6",16,32,"x64",0,"","","0.7620"
"Standard_NC8as_T4_v3",8,56,"x64",1,"NVIDIA T4",16,"0.7520"
"Standard_DS13-4_v2",4,56,"x64",0,"","","0.7410"
"Standard_DS13-2_v2",2,56,"x64",0,"","","0.7410"
"Standard_DS13_v2",8,56,"x64",0,"","","0.7410"
"Standard_D13_v2",8,56,"x64",0,"","","0.7410"
"Standard_DC16as_v6",16,64,"x64",0,"","","0.7260"
"Standard_D16as_v7",16,64,"x64",0,"","","0.7260"
"Standard_D16as_v6",16,64,"x64",0,"","","0.7260"
"Standard_F8ams_v7",8,64,"x64",0,"","","0.7160"
"Standard_F8ams_v6",8,64,"x64",0,"","","0.7160"
"Standard_F8-4ams_v7",4,64,"x64",0,"","","0.7160"
"Standard_F8-2ams_v7",2,64,"x64",0,"","","0.7160"
"Standard_D16ls_v6",16,32,"x64",0,"","","0.7140"
"Standard_E8ns_v6",8,64,"x64",0,"","","0.6970"
"Standard_L8s_v4",8,64,"x64",0,"","","0.6960"
"Standard_L8s_v3",8,64,"x64",0,"","","0.6960"
"Standard_E8s_v7",8,64,"x64",0,"","","0.6950"
"Standard_L8as_v4",8,64,"x64",0,"","","0.6880"
"Standard_DC16as_v5",16,64,"x64",0,"","","0.6880"
"Standard_DC16as_cc_v5",16,64,"x64",0,"","","0.6880"
"Standard_D16as_v5",16,64,"x64",0,"","","0.6880"
"Standard_L8s",8,64,"x64",0,"","","0.6860"
"Standard_F8ads_v7",8,32,"x64",0,"","","0.6860"
"Standard_D16ls_v5",16,32,"x64",0,"","","0.6800"
"Standard_F16s_v2",16,32,"x64",0,"","","0.6770"
"Standard_E8bds_v5",8,64,"x64",0,"","","0.6680"
"Standard_NV8ads_V710_v5",8,32,"x64",0,"","","0.6670"
"Standard_B16s_v2",16,64,"x64",0,"","","0.6660"
"Standard_B16ms",16,64,"x64",0,"","","0.6660"
"Standard_EC8eds_v6",8,64,"x64",0,"","","0.6540"
"Standard_E8ds_v6",8,64,"x64",0,"","","0.6540"
"Standard_E8-4ds_v6",4,64,"x64",0,"","","0.6540"
"Standard_E8-2ds_v6",2,64,"x64",0,"","","0.6540"
"Standard_D8ds_v7",8,32,"x64",0,"","","0.6530"
"Standard_D16als_v6",16,32,"x64",0,"","","0.6430"
"Standard_D8nds_v6",8,32,"x64",0,"","","0.6360"
"Standard_L8s_v2",8,64,"x64",0,"","","0.6240"
"Standard_L8as_v3",8,64,"x64",0,"","","0.6240"
"Standard_DS4",8,28,"x64",0,"","","0.6160"
"Standard_D4",8,28,"x64",0,"","","0.6160"
"Standard_B16as_v2",16,64,"x64",0,"","","0.6020"
"Standard_E8bs_v5",8,64,"x64",0,"","","0.5960"
"Standard_B16ls_v2",16,32,"x64",0,"","","0.5890"
"Standard_DS4_v2",8,28,"x64",0,"","","0.5850"
"Standard_D4_v2",8,28,"x64",0,"","","0.5850"
"Standard_EC8ads_v6",8,64,"x64",0,"","","0.5810"
"Standard_E8ads_v7",8,64,"x64",0,"","","0.5810"
"Standard_E8ads_v6",8,64,"x64",0,"","","0.5810"
"Standard_E8-4ads_v7",4,64,"x64",0,"","","0.5810"
"Standard_E8-2ads_v7",2,64,"x64",0,"","","0.5810"
"Standard_E8ds_v5",8,64,"x64",0,"","","0.5760"
"Standard_E8ds_v4",8,64,"x64",0,"","","0.5760"
"Standard_E8d_v5",8,64,"x64",0,"","","0.5760"
"Standard_E8d_v4",8,64,"x64",0,"","","0.5760"
"Standard_E8-4ds_v5",4,64,"x64",0,"","","0.5760"
"Standard_E8-4ds_v4",4,64,"x64",0,"","","0.5760"
"Standard_E8-2ds_v5",2,64,"x64",0,"","","0.5760"
"Standard_E8-2ds_v4",2,64,"x64",0,"","","0.5760"
"Standard_F8alds_v7",8,16,"x64",0,"","","0.5720"
"Standard_D8nlds_v6",8,16,"x64",0,"","","0.5600"
"Standard_D8ns_v6",8,32,"x64",0,"","","0.5570"
"Standard_D8lds_v7",8,16,"x64",0,"","","0.5540"
"Standard_GS1",2,28,"x64",0,"","","0.5500"
"Standard_G1",2,28,"x64",0,"","","0.5500"
"Standard_FX4mds_v2",4,84,"x64",0,"","","0.5470"
"Standard_FX4-2mds_v2",2,84,"x64",0,"","","0.5470"
"Standard_F8as_v7",8,32,"x64",0,"","","0.5460"
"Standard_F8as_v6",8,32,"x64",0,"","","0.5460"
"Standard_B16als_v2",16,32,"x64",0,"","","0.5330"
"Standard_EC8es_v6",8,64,"x64",0,"","","0.5290"
"Standard_E8s_v6",8,64,"x64",0,"","","0.5290"
"Standard_E8-4s_v6",4,64,"x64",0,"","","0.5290"
"Standard_E8-2s_v6",2,64,"x64",0,"","","0.5290"
"Standard_D8s_v7",8,32,"x64",0,"","","0.5290"
"Standard_NC4as_T4_v3",4,28,"x64",1,"NVIDIA T4",16,"0.5260"
"Standard_EC8ads_v5",8,64,"x64",0,"","","0.5240"
"Standard_EC8ads_cc_v5",8,64,"x64",0,"","","0.5240"
"Standard_E8ads_v5",8,64,"x64",0,"","","0.5240"
"Standard_E8-2ads_v5",2,64,"x64",0,"","","0.5240"
"Standard_E8s_v5",8,64,"x64",0,"","","0.5040"
"Standard_E8s_v4",8,64,"x64",0,"","","0.5040"
"Standard_E8s_v3",8,64,"x64",0,"","","0.5040"
"Standard_E8as_v4",8,64,"x64",0,"","","0.5040"
"Standard_E8a_v4",8,64,"x64",0,"","","0.5040"
"Standard_E8-4s_v5",4,64,"x64",0,"","","0.5040"
"Standard_E8-4s_v4",4,64,"x64",0,"","","0.5040"
"Standard_E8-4s_v3",4,64,"x64",0,"","","0.5040"
"Standard_E8-4as_v4",4,64,"x64",0,"","","0.5040"
"Standard_E8-2s_v5",2,64,"x64",0,"","","0.5040"
"Standard_E8-2s_v4",2,64,"x64",0,"","","0.5040"
"Standard_E8-2s_v3",2,64,"x64",0,"","","0.5040"
"Standard_E8-2as_v4",2,64,"x64",0,"","","0.5040"
"Standard_E8_v5",8,64,"x64",0,"","","0.5040"
"Standard_E8_v4",8,64,"x64",0,"","","0.5040"
"Standard_E8_v3",8,64,"x64",0,"","","0.5040"
"Standard_B12ms",12,48,"x64",0,"","","0.4990"
"Standard_DC8eds_v6",8,32,"x64",0,"","","0.4980"
"Standard_D8ds_v6",8,32,"x64",0,"","","0.4980"
"Standard_F8als_v7",8,16,"x64",0,"","","0.4840"
"Standard_F8als_v6",8,16,"x64",0,"","","0.4840"
"Standard_EC8as_v6",8,64,"x64",0,"","","0.4770"
"Standard_E8as_v7",8,64,"x64",0,"","","0.4770"
"Standard_E8as_v6",8,64,"x64",0,"","","0.4770"
"Standard_E8-4as_v7",4,64,"x64",0,"","","0.4770"
"Standard_E8-2as_v7",2,64,"x64",0,"","","0.4770"
"Standard_A8m_v2",8,64,"x64",0,"","","0.4750"
"Standard_D8ls_v7",8,16,"x64",0,"","","0.4690"
"Standard_NV8as_v4",8,28,"x64",1,"AMD Radeon Instinct MI25",16,"0.4660"
"Standard_DC8ads_v6",8,32,"x64",0,"","","0.4560"
"Standard_D8ads_v7",8,32,"x64",0,"","","0.4560"
"Standard_D8ads_v6",8,32,"x64",0,"","","0.4560"
"Standard_NV6ads_A10_v5",6,55,"x64",1,"NVIDIA A10 (24GB)",24,"0.4540"
"Standard_D8nls_v6",8,16,"x64",0,"","","0.4540"
"Standard_L4aos_v4",4,32,"x64",0,"","","0.4520"
"Standard_EC8as_v5",8,64,"x64",0,"","","0.4520"
"Standard_EC8as_cc_v5",8,64,"x64",0,"","","0.4520"
"Standard_DC4ds_v3",4,32,"x64",0,"","","0.4520"
"Standard_D8ds_v5",8,32,"x64",0,"","","0.4520"
"Standard_D8ds_v4",8,32,"x64",0,"","","0.4520"
"Standard_D8d_v5",8,32,"x64",0,"","","0.4520"
"Standard_D8d_v4",8,32,"x64",0,"","","0.4520"
"Standard_E4ads_v5",4,32,"x64",0,"","","0.4460"
"Standard_FX4ms_v2",4,84,"x64",0,"","","0.4430"
"Standard_FX4-2ms_v2",2,84,"x64",0,"","","0.4430"
"Standard_D8lds_v6",8,16,"x64",0,"","","0.4410"
"Standard_F4amds_v7",4,32,"x64",0,"","","0.4360"
"Standard_F4-2amds_v7",2,32,"x64",0,"","","0.4360"
"Standard_F4-1amds_v7",1,32,"x64",0,"","","0.4360"
"Standard_E4ds_v7",4,32,"x64",0,"","","0.4160"
"Standard_DC8ads_v5",8,32,"x64",0,"","","0.4120"
"Standard_DC8ads_cc_v5",8,32,"x64",0,"","","0.4120"
"Standard_D8ads_v5",8,32,"x64",0,"","","0.4120"
"Standard_DC8es_v6",8,32,"x64",0,"","","0.4030"
"Standard_D8s_v6",8,32,"x64",0,"","","0.4030"
"Standard_A8_v2",8,16,"x64",0,"","","0.3990"
"Standard_F8s",8,16,"x64",0,"","","0.3980"
"Standard_F8",8,16,"x64",0,"","","0.3980"
"Standard_E4nds_v6",4,32,"x64",0,"","","0.3910"
"Standard_DS12",4,28,"x64",0,"","","0.3860"
"Standard_DC4s_v3",4,32,"x64",0,"","","0.3840"
"Standard_D8s_v5",8,32,"x64",0,"","","0.3840"
"Standard_D8s_v4",8,32,"x64",0,"","","0.3840"
"Standard_D8s_v3",8,32,"x64",0,"","","0.3840"
"Standard_D8lds_v5",8,16,"x64",0,"","","0.3840"
"Standard_D8a_v4",8,32,"x64",0,"","","0.3840"
"Standard_D8_v5",8,32,"x64",0,"","","0.3840"
"Standard_D8_v4",8,32,"x64",0,"","","0.3840"
"Standard_D8_v3",8,32,"x64",0,"","","0.3840"
"Standard_D8alds_v7",8,16,"x64",0,"","","0.3810"
"Standard_D8alds_v6",8,16,"x64",0,"","","0.3810"
"Standard_FX4mds",4,84,"x64",0,"","","0.3720"
"Standard_DS12-2_v2",2,28,"x64",0,"","","0.3710"
"Standard_DS12-1_v2",1,28,"x64",0,"","","0.3710"
"Standard_DS12_v2",4,28,"x64",0,"","","0.3710"
"Standard_D12_v2",4,28,"x64",0,"","","0.3710"
"Standard_DC8as_v6",8,32,"x64",0,"","","0.3630"
"Standard_D8as_v6",8,32,"x64",0,"","","0.3630"
"Standard_F4ams_v7",4,32,"x64",0,"","","0.3580"
"Standard_F4ams_v6",4,32,"x64",0,"","","0.3580"
"Standard_F4-2ams_v7",2,32,"x64",0,"","","0.3580"
"Standard_F4-1ams_v7",1,32,"x64",0,"","","0.3580"
"Standard_D8ls_v6",8,16,"x64",0,"","","0.3570"
"Standard_E4ns_v6",4,32,"x64",0,"","","0.3490"
"Standard_L4s_v4",4,32,"x64",0,"","","0.3480"
"Standard_E4s_v7",4,32,"x64",0,"","","0.3470"
"Standard_L4as_v4",4,32,"x64",0,"","","0.3440"
"Standard_DC8as_v5",8,32,"x64",0,"","","0.3440"
"Standard_DC8as_cc_v5",8,32,"x64",0,"","","0.3440"
"Standard_D8as_v5",8,32,"x64",0,"","","0.3440"
"Standard_L4s",4,32,"x64",0,"","","0.3430"
"Standard_F4ads_v7",4,16,"x64",0,"","","0.3430"
"Standard_D8ls_v5",8,16,"x64",0,"","","0.3400"
"Standard_F8s_v2",8,16,"x64",0,"","","0.3380"
"Standard_E4bds_v5",4,32,"x64",0,"","","0.3340"
"Standard_NV4ads_V710_v5",4,16,"x64",0,"","","0.3330"
"Standard_B8s_v2",8,32,"x64",0,"","","0.3330"
"Standard_B8ms",8,32,"x64",0,"","","0.3330"
"Standard_EC4eds_v6",4,32,"x64",0,"","","0.3270"
"Standard_E4ds_v6",4,32,"x64",0,"","","0.3270"
"Standard_E4-2ds_v6",2,32,"x64",0,"","","0.3270"
"Standard_D4ds_v7",4,16,"x64",0,"","","0.3260"
"Standard_D8als_v7",8,16,"x64",0,"","","0.3220"
"Standard_D8als_v6",8,16,"x64",0,"","","0.3220"
"Standard_DS3",4,14,"x64",0,"","","0.3080"
"Standard_D3",4,14,"x64",0,"","","0.3080"
"Standard_B8as_v2",8,32,"x64",0,"","","0.3010"
"Standard_E4bs_v5",4,32,"x64",0,"","","0.2980"
"Standard_B8ls_v2",8,16,"x64",0,"","","0.2950"
"Standard_DS3_v2",4,14,"x64",0,"","","0.2930"
"Standard_D4nds_v6",4,16,"x64",0,"","","0.2930"
"Standard_D3_v2",4,14,"x64",0,"","","0.2930"
"Standard_EC4ads_v6",4,32,"x64",0,"","","0.2900"
"Standard_E4ads_v7",4,32,"x64",0,"","","0.2900"
"Standard_E4-2ads_v7",2,32,"x64",0,"","","0.2900"
"Standard_E4ds_v5",4,32,"x64",0,"","","0.2880"
"Standard_E4ds_v4",4,32,"x64",0,"","","0.2880"
"Standard_E4d_v5",4,32,"x64",0,"","","0.2880"
"Standard_E4d_v4",4,32,"x64",0,"","","0.2880"
"Standard_E4-2ds_v5",2,32,"x64",0,"","","0.2880"
"Standard_E4-2ds_v4",2,32,"x64",0,"","","0.2880"
"Standard_F4alds_v7",4,8,"x64",0,"","","0.2860"
"Standard_D4nlds_v6",4,8,"x64",0,"","","0.2800"
"Standard_D4ns_v6",4,16,"x64",0,"","","0.2780"
"Standard_D4lds_v7",4,8,"x64",0,"","","0.2770"
"Standard_FX2mds_v2",2,42,"x64",0,"","","0.2740"
"Standard_F4as_v7",4,16,"x64",0,"","","0.2730"
"Standard_F4as_v6",4,16,"x64",0,"","","0.2730"
"Standard_EC4es_v6",4,32,"x64",0,"","","0.2650"
"Standard_E4s_v6",4,32,"x64",0,"","","0.2650"
"Standard_E4-2s_v6",2,32,"x64",0,"","","0.2650"
"Standard_EC4ads_v5",4,32,"x64",0,"","","0.2620"
"Standard_EC4ads_cc_v5",4,32,"x64",0,"","","0.2620"
"Standard_E4-2ads_v5",2,32,"x64",0,"","","0.2620"
"Standard_E4s_v5",4,32,"x64",0,"","","0.2520"
"Standard_E4s_v4",4,32,"x64",0,"","","0.2520"
"Standard_E4s_v3",4,32,"x64",0,"","","0.2520"
"Standard_E4as_v4",4,32,"x64",0,"","","0.2520"
"Standard_E4a_v4",4,32,"x64",0,"","","0.2520"
"Standard_E4-2s_v5",2,32,"x64",0,"","","0.2520"
"Standard_E4-2s_v4",2,32,"x64",0,"","","0.2520"
"Standard_E4-2s_v3",2,32,"x64",0,"","","0.2520"
"Standard_E4-2as_v4",2,32,"x64",0,"","","0.2520"
"Standard_E4_v5",4,32,"x64",0,"","","0.2520"
"Standard_E4_v4",4,32,"x64",0,"","","0.2520"
"Standard_E4_v3",4,32,"x64",0,"","","0.2520"
"Standard_DC4eds_v6",4,16,"x64",0,"","","0.2490"
"Standard_D4ds_v6",4,16,"x64",0,"","","0.2490"
"Standard_F4als_v7",4,8,"x64",0,"","","0.2420"
"Standard_F4als_v6",4,8,"x64",0,"","","0.2420"
"Standard_EC4as_v6",4,32,"x64",0,"","","0.2380"
"Standard_E4as_v7",4,32,"x64",0,"","","0.2380"
"Standard_E4as_v6",4,32,"x64",0,"","","0.2380"
"Standard_E4-2as_v7",2,32,"x64",0,"","","0.2380"
"Standard_A4m_v2",4,32,"x64",0,"","","0.2370"
"Standard_D4ls_v7",4,8,"x64",0,"","","0.2340"
"Standard_NV4as_v4",4,14,"x64",1,"AMD Radeon Instinct MI25",16,"0.2330"
"Standard_DC4ads_v6",4,16,"x64",0,"","","0.2280"
"Standard_D4ads_v7",4,16,"x64",0,"","","0.2280"
"Standard_D4ads_v6",4,16,"x64",0,"","","0.2280"
"Standard_D4nls_v6",4,8,"x64",0,"","","0.2270"
"Standard_L2aos_v4",2,16,"x64",0,"","","0.2260"
"Standard_EC4as_v5",4,32,"x64",0,"","","0.2260"
"Standard_EC4as_cc_v5",4,32,"x64",0,"","","0.2260"
"Standard_E4as_v5",4,32,"x64",0,"","","0.2260"
"Standard_E4-2as_v5",2,32,"x64",0,"","","0.2260"
"Standard_DC2ds_v3",2,16,"x64",0,"","","0.2260"
"Standard_D4ds_v5",4,16,"x64",0,"","","0.2260"
"Standard_D4ds_v4",4,16,"x64",0,"","","0.2260"
"Standard_D4d_v5",4,16,"x64",0,"","","0.2260"
"Standard_D4d_v4",4,16,"x64",0,"","","0.2260"
"Standard_E2ads_v5",2,16,"x64",0,"","","0.2230"
"Standard_FX2ms_v2",2,42,"x64",0,"","","0.2210"
"Standard_D4lds_v6",4,8,"x64",0,"","","0.2210"
"Standard_F2amds_v7",2,16,"x64",0,"","","0.2180"
"Standard_F2-1amds_v7",1,16,"x64",0,"","","0.2180"
"Standard_E2ds_v7",2,16,"x64",0,"","","0.2080"
"Standard_DC4ads_v5",4,16,"x64",0,"","","0.2060"
"Standard_D4ads_v5",4,16,"x64",0,"","","0.2060"
"Standard_DC4es_v6",4,16,"x64",0,"","","0.2020"
"Standard_D4s_v6",4,16,"x64",0,"","","0.2020"
"Standard_F4s",4,8,"x64",0,"","","0.1990"
"Standard_F4",4,8,"x64",0,"","","0.1990"
"Standard_E2nds_v6",2,16,"x64",0,"","","0.1950"
"Standard_DS11",2,14,"x64",0,"","","0.1930"
"Standard_D11",2,14,"x64",0,"","","0.1930"
"Standard_DC2s_v3",2,16,"x64",0,"","","0.1920"
"Standard_DC2s_v2",2,8,"x64",0,"","","0.1920"
"Standard_D4s_v5",4,16,"x64",0,"","","0.1920"
"Standard_D4s_v4",4,16,"x64",0,"","","0.1920"
"Standard_D4s_v3",4,16,"x64",0,"","","0.1920"
"Standard_D4lds_v5",4,8,"x64",0,"","","0.1920"
"Standard_D4as_v4",4,16,"x64",0,"","","0.1920"
"Standard_D4a_v4",4,16,"x64",0,"","","0.1920"
"Standard_D4_v5",4,16,"x64",0,"","","0.1920"
"Standard_D4_v4",4,16,"x64",0,"","","0.1920"
"Standard_D4_v3",4,16,"x64",0,"","","0.1920"
"Standard_A4_v2",4,8,"x64",0,"","","0.1910"
"Standard_D4alds_v7",4,8,"x64",0,"","","0.1900"
"Standard_D4alds_v6",4,8,"x64",0,"","","0.1900"
"Standard_DS11-1_v2",1,14,"x64",0,"","","0.1850"
"Standard_DS11_v2",2,14,"x64",0,"","","0.1850"
"Standard_D11_v2",2,14,"x64",0,"","","0.1850"
"Standard_DC4as_v6",4,16,"x64",0,"","","0.1820"
"Standard_D4as_v7",4,16,"x64",0,"","","0.1820"
"Standard_D4as_v6",4,16,"x64",0,"","","0.1820"
"Standard_F2ams_v7",2,16,"x64",0,"","","0.1790"
"Standard_F2ams_v6",2,16,"x64",0,"","","0.1790"
"Standard_F2-1ams_v7",1,16,"x64",0,"","","0.1790"
"Standard_D4ls_v6",4,8,"x64",0,"","","0.1790"
"Standard_L2s_v4",2,16,"x64",0,"","","0.1740"
"Standard_E2s_v7",2,16,"x64",0,"","","0.1740"
"Standard_E2ns_v6",2,16,"x64",0,"","","0.1740"
"Standard_L2as_v4",2,16,"x64",0,"","","0.1720"
"Standard_F2ads_v7",2,8,"x64",0,"","","0.1720"
"Standard_DC4as_v5",4,16,"x64",0,"","","0.1720"
"Standard_DC4as_cc_v5",4,16,"x64",0,"","","0.1720"
"Standard_D4as_v5",4,16,"x64",0,"","","0.1720"
"Standard_D4ls_v5",4,8,"x64",0,"","","0.1700"
"Standard_F4s_v2",4,8,"x64",0,"","","0.1690"
"Standard_E2bds_v5",2,16,"x64",0,"","","0.1670"
"Standard_B4s_v2",4,16,"x64",0,"","","0.1660"
"Standard_B4ms",4,16,"x64",0,"","","0.1660"
"Standard_EC2eds_v6",2,16,"x64",0,"","","0.1640"
"Standard_E2ds_v6",2,16,"x64",0,"","","0.1640"
"Standard_D2ds_v7",2,8,"x64",0,"","","0.1630"
"Standard_D4als_v7",4,8,"x64",0,"","","0.1610"
"Standard_D4als_v6",4,8,"x64",0,"","","0.1610"
"Standard_D2nds_v6",2,8,"x64",0,"","","0.1590"
"Standard_DS2",2,7,"x64",0,"","","0.1540"
"Standard_D2",2,7,"x64",0,"","","0.1540"
"Standard_B4as_v2",4,16,"x64",0,"","","0.1500"
"Standard_E2bs_v5",2,16,"x64",0,"","","0.1490"
"Standard_B4ls_v2",4,8,"x64",0,"","","0.1470"
"Standard_DS2_v2",2,7,"x64",0,"","","0.1460"
"Standard_D2_v2",2,7,"x64",0,"","","0.1460"
"Standard_EC2ads_v6",2,16,"x64",0,"","","0.1450"
"Standard_E2ads_v7",2,16,"x64",0,"","","0.1450"
"Standard_E2ads_v6",2,16,"x64",0,"","","0.1450"
"Standard_E2ds_v5",2,16,"x64",0,"","","0.1440"
"Standard_E2ds_v4",2,16,"x64",0,"","","0.1440"
"Standard_E2d_v5",2,16,"x64",0,"","","0.1440"
"Standard_E2d_v4",2,16,"x64",0,"","","0.1440"
"Standard_F2alds_v7",2,4,"x64",0,"","","0.1430"
"Standard_D2nlds_v6",2,4,"x64",0,"","","0.1400"
"Standard_D2ns_v6",2,8,"x64",0,"","","0.1390"
"Standard_D2lds_v7",2,4,"x64",0,"","","0.1390"
"Standard_F2as_v7",2,8,"x64",0,"","","0.1370"
"Standard_F2as_v6",2,8,"x64",0,"","","0.1370"
"Standard_B4als_v2",4,8,"x64",0,"","","0.1330"
"Standard_EC2es_v6",2,16,"x64",0,"","","0.1320"
"Standard_E2s_v6",2,16,"x64",0,"","","0.1320"
"Standard_D2s_v7",2,8,"x64",0,"","","0.1320"
"Standard_EC2ads_v5",2,16,"x64",0,"","","0.1310"
"Standard_E2s_v5",2,16,"x64",0,"","","0.1260"
"Standard_E2s_v4",2,16,"x64",0,"","","0.1260"
"Standard_E2s_v3",2,16,"x64",0,"","","0.1260"
"Standard_E2as_v4",2,16,"x64",0,"","","0.1260"
"Standard_E2a_v4",2,16,"x64",0,"","","0.1260"
"Standard_E2_v5",2,16,"x64",0,"","","0.1260"
"Standard_E2_v4",2,16,"x64",0,"","","0.1260"
"Standard_E2_v3",2,16,"x64",0,"","","0.1260"
"Standard_DC2eds_v6",2,8,"x64",0,"","","0.1250"
"Standard_D2ds_v6",2,8,"x64",0,"","","0.1250"
"Standard_F2als_v7",2,4,"x64",0,"","","0.1210"
"Standard_F2als_v6",2,4,"x64",0,"","","0.1210"
"Standard_EC2as_v6",2,16,"x64",0,"","","0.1190"
"Standard_E2as_v7",2,16,"x64",0,"","","0.1190"
"Standard_E2as_v6",2,16,"x64",0,"","","0.1190"
"Standard_A2m_v2",2,16,"x64",0,"","","0.1190"
"Standard_D2ls_v7",2,4,"x64",0,"","","0.1170"
"Standard_DC2ads_v6",2,8,"x64",0,"","","0.1140"
"Standard_D2ads_v7",2,8,"x64",0,"","","0.1140"
"Standard_D2ads_v6",2,8,"x64",0,"","","0.1140"
"Standard_EC2as_v5",2,16,"x64",0,"","","0.1130"
"Standard_E2as_v5",2,16,"x64",0,"","","0.1130"
"Standard_DC1ds_v3",1,8,"x64",0,"","","0.1130"
"Standard_D2nls_v6",2,4,"x64",0,"","","0.1130"
"Standard_D2ds_v5",2,8,"x64",0,"","","0.1130"
"Standard_D2ds_v4",2,8,"x64",0,"","","0.1130"
"Standard_D2d_v5",2,8,"x64",0,"","","0.1130"
"Standard_D2d_v4",2,8,"x64",0,"","","0.1130"
"Standard_D2lds_v6",2,4,"x64",0,"","","0.1100"
"Standard_F1amds_v7",1,8,"x64",0,"","","0.1090"
"Standard_DC2ads_v5",2,8,"x64",0,"","","0.1030"
"Standard_D2ads_v5",2,8,"x64",0,"","","0.1030"
"Standard_DC2es_v6",2,8,"x64",0,"","","0.1010"
"Standard_D2s_v6",2,8,"x64",0,"","","0.1010"
"Standard_F2s",2,4,"x64",0,"","","0.0990"
"Standard_F2",2,4,"x64",0,"","","0.0990"
"Standard_DC1s_v3",1,8,"x64",0,"","","0.0960"
"Standard_DC1s_v2",1,4,"x64",0,"","","0.0960"
"Standard_D2s_v5",2,8,"x64",0,"","","0.0960"
"Standard_D2s_v4",2,8,"x64",0,"","","0.0960"
"Standard_D2s_v3",2,8,"x64",0,"","","0.0960"
"Standard_D2lds_v5",2,4,"x64",0,"","","0.0960"
"Standard_D2as_v4",2,8,"x64",0,"","","0.0960"
"Standard_D2a_v4",2,8,"x64",0,"","","0.0960"
"Standard_D2_v5",2,8,"x64",0,"","","0.0960"
"Standard_D2_v4",2,8,"x64",0,"","","0.0960"
"Standard_D2_v3",2,8,"x64",0,"","","0.0960"
"Standard_D2alds_v7",2,4,"x64",0,"","","0.0952"
"Standard_D2alds_v6",2,4,"x64",0,"","","0.0952"
"Standard_DC2as_v6",2,8,"x64",0,"","","0.0908"
"Standard_D2as_v7",2,8,"x64",0,"","","0.0908"
"Standard_D2as_v6",2,8,"x64",0,"","","0.0908"
"Standard_A2_v2",2,4,"x64",0,"","","0.0903"
"Standard_F1ams_v7",1,8,"x64",0,"","","0.0895"
"Standard_D2ls_v6",2,4,"x64",0,"","","0.0893"
"Standard_DC2as_v5",2,8,"x64",0,"","","0.0860"
"Standard_D2as_v5",2,8,"x64",0,"","","0.0860"
"Standard_F1ads_v7",1,4,"x64",0,"","","0.0858"
"Standard_D2ls_v5",2,4,"x64",0,"","","0.0850"
"Standard_F2s_v2",2,4,"x64",0,"","","0.0846"
"Standard_B2s_v2",2,8,"x64",0,"","","0.0832"
"Standard_B2ms",2,8,"x64",0,"","","0.0832"
"Standard_D2als_v7",2,4,"x64",0,"","","0.0804"
"Standard_D2als_v6",2,4,"x64",0,"","","0.0804"
"Standard_DS1",1,3.5,"x64",0,"","","0.0770"
"Standard_D1",1,3.5,"x64",0,"","","0.0770"
"Standard_B2as_v2",2,8,"x64",0,"","","0.0752"
"Standard_DS1_v2",1,3.5,"x64",0,"","","0.0730"
"Standard_D1_v2",1,3.5,"x64",0,"","","0.0730"
"Standard_F1alds_v7",1,2,"x64",0,"","","0.0715"
"Standard_F1as_v7",1,4,"x64",0,"","","0.0683"
"Standard_F1als_v7",1,2,"x64",0,"","","0.0605"
"Standard_F1s",1,2,"x64",0,"","","0.0497"
"Standard_F1",1,2,"x64",0,"","","0.0497"
"Standard_A1_v2",1,2,"x64",0,"","","0.0430"
"Standard_B2s",2,4,"x64",0,"","","0.0416"
"Standard_B2ls_v2",2,4,"x64",0,"","","0.0416"
"Standard_B2als_v2",2,4,"x64",0,"","","0.0376"
"Standard_B1ms",1,2,"x64",0,"","","0.0207"
"Standard_B2ts_v2",2,1,"x64",0,"","","0.0104"
"Standard_B1s",1,1,"x64",0,"","","0.0104"
"Standard_B2ats_v2",2,1,"x64",0,"","","0.0094"
"Standard_B1ls",1,0.5,"x64",0,"","","0.0052"
